Occupation,Salary Grade,Occupational Service Code,Occupational Group Code,Class ID
Accountant I,12,02-FS,AC,A1
Accountant II,16,02-FS,AC,A2
Accountant III,19,02-FS,AC,A3
Accountant IV,22,02-FS,AC,A4
Accounting Analyst,11,02-FS,AC,AA
Accounts Liquidation Assistant,8,02-FS,AL,ALA
Accounts Liquidation Officer I,11,02-FS,AL,ALO1
Accounts Liquidation Officer II,15,02-FS,AL,ALO2
Accounts Liquidation Officer III,18,02-FS,AL,ALO3
Accounts Liquidation Officer IV,22,02-FS,AL,ALO4
Accounts Liquidation Officer V,24,02-FS,AL,ALO5
Actuarial Researcher,9,12-TT,IR,AR
Acupressure Technician,6,09-MH,MT,AT
Administrative Aide I,1,01-GA,ADS,ADA1
Administrative Aide II,2,01-GA,ADS,ADA2
Administrative Aide III,3,01-GA,ADS,ADA3
Administrative Aide IV,4,01-GA,ADS,ADA4
Administrative Aide V,5,01-GA,ADS,ADA5
Administrative Aide VI,6,01-GA,ADS,ADA6
Administrative Assistant I,7,01-GA,ADS,ADAS1
Administrative Assistant II,8,01-GA,ADS,ADAS2
Administrative Assistant III,9,01-GA,ADS,ADAS3
Administrative Assistant IV,10,01-GA,ADS,ADAS4
Administrative Assistant V,11,01-GA,ADS,ADAS5
Administrative Assistant VI,12,01-GA,ADS,ADAS6
Administrative Officer I,10,01-GA,ADS,ADOF1
Administrative Officer II,11,01-GA,ADS,ADOF2
Administrative Officer III,14,01-GA,ADS,ADOF3
Administrative Officer IV,15,01-GA,ADS,ADOF4
Administrative Officer V,18,01-GA,ADS,ADOF5
Administrator I,28,18-ES,OM,AD1
Administrator II,29,18-ES,OM,AD2
Administrator III,30,18-ES,OM,AD3
Advertising Officer I,10,12-TT,SPR,AVO1
Advertising Officer II,14,12-TT,SPR,AVO2
Advertising Officer III,18,12-TT,SPR,AVO3
Advertising Officer IV,20,12-TT,SPR,AVO4
Aerial Photo Analyst I,12,04-AE,CR,APA1
Aerial Photo Analyst II,16,04-AE,CR,APA2
Agrarian Reform Program Officer I,11,11-AA,AGR,ARPO1
Agrarian Reform Program Officer II,15,11-AA,AGR,ARPO2
Agrarian Reform Program Technologist,10,11-AA,AGR,ARPT
Agricultural Center Chief I,18,11-AA,AGD,ACC1
Agricultural Center Chief II,20,11-AA,AGD,ACC2
Agricultural Center Chief III,22,11-AA,AGD,ACC3
Agricultural Center Chief IV,24,11-AA,AGD,ACC4
Agricultural Products Inspector I,6,11-AA,AGD,API1
Agricultural Products Inspector I,8,11-AA,AGD,API2
Agricultural Products Inspector II,11,11-AA,AGD,API3
Agricultural Technician I,6,11-AA,AGD,AGT1
Agricultural Technician II,8,11-AA,AGD,AGT2
Agricultural Technologist,10,11-AA,AGD,AGTG
Agriculturist I,11,11-AA,AGD,AG1
Agriculturist II,15,11-AA,AGD,AG2
Air Navigation Services Supervisor,25,04-AE,AT,ANSS
Air Navigation System Specialist I,17,04-AE,AT,ANSS1
Air Navigation System Specialist II,18,04-AE,AT,ANSS2
Air Terminal Supervisor,15,05-TC,AV,ATS
Air Traffic Controller I,18,05-TC,AV,ATC1
Air Traffic Controller II,19,05-TC,AV,ATC2
Air Traffic Services Supervisor,25,05-TC,AV,ATSS
Aircraft Maintenance Technologist I,11,04-AE,AMT,AMT1
Aircraft Maintenance Technologist II,15,04-AE,AMT,AMT2
Aircraft Maintenance Technologist III,18,04-AE,AMT,AMT3
Aircraft Mechanic I,6,06-CT,MHOR,AM1
Aircraft Mechanic II,8,06-CT,MHOR,AM2
Aircraft Mechanic III,11,06-CT,MHOR,AM3
Aircraft Mechanic IV,13,06-CT,MHOR,AM4
Airfield Power Technician I,4,05-TC,AV,APT1
Airfield Power Technician II,6,05-TC,AV,APT2
Airfield Power Technician III,9,05-TC,AV,APT3
Airfield Power Technician IV,11,05-TC,AV,APT4
Airfield Power Technician V,13,05-TC,AV,APT5
Airport Manager I,20,05-TC,AV,AIM1
Airport Manager II,23,05-TC,AV,AIM2
Airport Manager III,24,05-TC,AV,AIM3
Airport Manager IV,26,05-TC,AV,AIM4
Airport Project Supervisor,17,05-TC,AV,APS
Airways Communications Services Supervisor,25,05-TC,AV,ACSS
Airways Communicator I,17,05-TC,AV,ACOM1
Airways Communicator II,18,05-TC,AV,ACOM2
Ammunition Worker I,2,14-DS,OMRR,AW1
Ammunition Worker II,4,14-DS,OMRR,AW2
Animal Feed Control Officer,13,09-MH,V,AFCO
Animal Keeper I,4,13-MP,Z,AK1
Animal Keeper II,6,13-MP,Z,AK2
Animal Keeper III,9,13-MP,Z,AK3
Antenna Rigger,3,05-TC,CDOR,ANR
Aquacultural Technician I,6,11-AA,AQD,AQT1
Aquacultural Technician II,8,11-AA,AQD,AQT2
Aquacultural Technologist,10,11-AA,AQD,AQTG
Aquaculturist I,11,11-AA,AQD,AQ1
Aquaculturist II,15,11-AA,AQD,AQ2
Architect I,12,04-AE,AR,ARC1
Architect II,16,04-AE,AR,ARC2
Architect III,19,04-AE,AR,ARC3
Architect IV,22,04-AE,AR,ARC4
Architect V,24,04-AE,AR,ARC5
Archivist I,10,10-EL,ARV,ARV1
Archivist II,14,10-EL,ARV,ARV2
Armorer I,2,14-DS,OMRR,ARM1
Armorer II,4,14-DS,OMRR,ARM2
Artificial Limb and Brace Maker I,4,06-CT,BW,ALBM1
Artificial Limb and Brace Maker II,6,06-CT,BW,ALBM2
Artificial Limb and Brace Maker III,9,06-CT,BW,ALBM3
Assessment Clerk I,4,02-FS,AM,ASCL1
Assessment Clerk II,6,02-FS,AM,ASCL2
Assessment Clerk III,9,02-FS,AM,ASCL3
Assistant Cabinet Secretary,29,18-ES,CES,ACS
Assistant Chef,8,17-MS,FOS,ACF
Assistant Chief Air Navigation System Specialist,23,04-AE,AT,ACANSS
Assistant Chief Air Traffic Controller,23,05-TC,AV,ACATC
Assistant Chief Airways Communicator,23,05-TC,AV,ACAC
Assistant Chief of Staff (OVP),29,18-ES,CES,ACSVP
Assistant Chief State Counsel,29,15-LJ,SC,ACSC
Assistant College Department Head,17,10-EL,STCA,ACDH
Assistant Commissioner of Internal Revenue,27,18-ES,OM,ASCOMIR
"Assistant Commissioner,Constitutional Commission",29,18-ES,TMG,ACOM
Assistant Court Administrator of the Supreme Court,30,15-LJ,JA,ACASC
Assistant Customs Operations Officer,9,02-FS,CO,ACOO
Assistant Director-General,29,18-ES,TMG,ADG
Assistant Executive Secretary,29,18-ES,CES,AES
Assistant Financial Claims Examiner,7,02-FS,BFCP,AFCE
Assistant General Manager,29,18-ES,OM,AGM
Assistant Government Corporate Counsel,29,15-LJ,GCC,AGCC
Assistant Information Officer,8,08-IA,ID,AIO
Assistant Land Registration Examiner,7,11-AA,LREG,ALRE
Assistant Launch Service Supervisor,9,05-TC,MTS,ALSS
Assistant Mining Claims Examiner,7,11-AA,MCE,AMCE
Assistant National Cashier,22,02-FS,CH,ANC
Assistant National Statistician,28,03-PS,ST,ASSNS
Assistant Nutritionist-Dietitian,7,09-MH,DT,AND
Assistant Ombudsman,29,15-LJ,GI,AO
Assistant Parole Officer,12,07-SS,PPA,APO
Assistant Press Secretary,29,18-ES,CES,APSEC
Assistant Professor I,15,10-EL,SCUT,AP1
Assistant Professor II,16,10-EL,SCUT,AP2
Assistant Professor III,17,10-EL,SCUT,AP3
Assistant Professor IV,18,10-EL,SCUT,AP4
Assistant Provincial Warden,18,14-DS,CSS,APW
Assistant Registration Officer,8,07-SS,R,ARO
Assistant Remote Sensing Technologist,8,11-AA,RST,ARST
Assistant Revenue Officer,9,02-FS,RCEP,AREVO
Assistant School Principal I,18,10-EL,STCA,ASP1
Assistant School Principal II,19,10-EL,STCA,ASP2
Assistant School Principal III,20,10-EL,STCA,ASP3
Assistant Schools Division Superintendent,25,10-EL,STCA,ASDS
Assistant Scientist,24,13-MP,SD,ATSCIEN
Assistant Solicitor General,30,15-LJ,SL,ASOLIGEN
Assistant Special School Principal,18,10-EL,STCA,ASSP
Assistant Statistical Coordination Officer,9,03-PS,STC,ASCO
Assistant Statistician,9,03-PS,ST,ASTAT
Assistant Superintendent of Printing,25,08-IA,PAD,ASPR
Assistant Supervisor of Student Teaching,15,10-EL,ERPS,ASST
Assistant Teachers'Camp Superintendent,22,17-MS,LDS,ATCS
Assistant Traffic Operations Officer,8,14-DS,TRO,ATOO
Assistant Weather Services Chief,22,13-MP,WO,AWSC
Associate Government Corporate Attorney I,18,15-LJ,GCC,AGCA1
Associate Government Corporate Attorney II,22,15-LJ,GCC,AGCA2
Associate Graft Investigation Officer I,15,15-LJ,GI,AGIO1
Associate Graft Investigation Officer II,18,15-LJ,GI,AGIO2
Associate Graft Investigation Officer III,22,15-LJ,GI,AGIO3
Associate Justice,30,15-LJ,JJ,AJ
Associate Justice of the Supreme Court,31,15-LJ,JJ,AJSC
"Associate Justice, Court of Appeals",30,15-LJ,JJ,AJCA
"Associate Justice, Sandiganbayan",30,15-LJ,JJ,AJS
Associate Professor I,19,10-EL,SCUT,APRO1
Associate Professor II,20,10-EL,SCUT,APRO2
Associate Professor III,21,10-EL,SCUT,APRO3
Associate Professor IV,22,10-EL,SCUT,APRO4
Associate Professor V,23,10-EL,SCUT,APRO5
Associate Prosecution Attorney I,18,15-LJ,PE,ASPRO1
Associate Prosecution Attorney II,22,15-LJ,PE,ASPRO2
Associate Public Attorney I,18,15-LJ,PAT,ASPA1
Associate Public Attorney II,22,15-LJ,PAT,ASPA2
Associate Scientist,25,13-MP,SD,ASSCIEN
Associate Solicitor I,24,15-LJ,SL,ASOL1
Associate Solicitor II,25,15-LJ,SL,ASOL2
Associate Solicitor III,26,15-LJ,SL,ASOL3
Associate Special Prosecution Officer I,18,15-LJ,SP,ASPO1
Associate Special Prosecution Officer II,22,15-LJ,SP,ASPO2
Associate State Counsel I,18,15-LJ,SC,ASC1
Associate State Counsel II,22,15-LJ,SC,ASC2
Attaché I,24,16-FR,AS,ACHE1
Attaché II,25,16-FR,AS,ACHE2
Attorney I,16,15-LJ,ATTY,ATY1
Attorney II,18,15-LJ,ATTY,ATY2
Attorney III,21,15-LJ,ATTY,ATY3
Attorney IV,23,15-LJ,ATTY,ATY4
Attorney V,25,15-LJ,ATTY,ATY5
Attorney VI,26,15-LJ,ATTY,ATY6
Auditing Systems Analyst,11,02-FS,AFE,AUSA
Auditing Systems Specialist I,13,02-FS,AFE,ASS1
Auditing Systems Specialist II,16,02-FS,AFE,ASS2
Automotive Equipment Inspector I,8,06-CT,MHOR,AEI1
Automotive Equipment Inspector II,11,06-CT,MHOR,AEI2
Aviation Safety Regulation Officer I,11,05-TC,AV,AVSRO1
Aviation Safety Regulation Officer II,15,05-TC,AV,AVSRO2
Accounting Clerk I,4,02-FS,AC,AC1
Accounting Clerk II,6,02-FS,AC,AC2
Accounting Clerk III,8,02-FS,AC,AC3
Accounting Machine Operator I,5,02-FS,AC,AMO1
Accounting Machine Operator II,7,02-FS,AC,AMO2
Accounting Machine Operator II,10,02-FS,AC,AMO3
Administrative Assistanta,8,01-GA,ADS,ADA
Administrative Officer I,11,01-GA,ADS,ADO1
Administrative Officer II,15,01-GA,ADS,ADO2
Administrative Officer II,18,01-GA,ADS,ADO3
Administrative Officer IV,22,01-GA,ADS,ADO4
Administrative Officer V,24,01-GA,ADS,ADO5
Air-Conditioning Technician I,6,06-CT,MHOR,ACT1
Air-Conditioning Technician II,8,06-CT,MHOR,ACT2
Artist-Illustrator I,6,08-IA,I,AL1
Artist-Ilustrator II,8,08-IA,I,AL2
Artist-Illustrator III,11,08-IA,I,AL3
Audio-Visual Aids Technician I,6,08-IA,AVEO,AVAT1
Audio-Visual Aids Technician II,8,08-IA,AVEO,AVAT2
Audio-Visual Aids Technician III,10,08-IA,AVEO,AVAT3
Audio-Visual Aids Technician IV,14,08-IA,AVEO,AVAT4
Audio-Visual Equipment Operator I,3,08-IA,AVEO,AVEO1
Audio-Visual Equipment Operator II,5,08-IA,AVEO,AVEO2
Audio-Visual Equipment Operator III,7,08-IA,AVEO,AVEO3
Auxiliary Machine Operator I,4,03-PS,IT,AXMO1
Auxiliary Machine Operator II,6,03-PS,IT,AXMO2
Auxiliary Machine Operator III,8,03-PS,IT,AXMO3
Auxiliary Machine Operator IV,11,03-PS,IT,AXMO4
Bacteriologist I,11,13-MP,BT,BARL1
Bacteriologist II,15,13-MP,BT,BARL2
Bacteriologist III,18,13-MP,BT,BARL3
Bacteriologist IV,22,13-MP,BT,BARL4
Bacteriologist V,24,13-MP,BT,BARL5
Bailiff I,5,14-DS,CSS,BALF1
Bailiff II,7,14-DS,CSS,BALF2
Bailiff III,10,14-DS,CSS,BALF3
Ballistician I,10,14-DS,CI,BALST1
Ballistician II,14,14-DS,CI,BALST2
Ballistician III,18,14-DS,CI,BALST3
Ballistician IV,22,14-DS,CI,BALST4
Ballistician V,24,14-DS,CI,BALST5
Bandmaster,9,08-IA,MC,BM
Barangay Health Aide,4,09-MH,HPD,BHA
Barber,2,17-MS,BC,BB
Bill Collector,5,02-FS,CC,BC
Biological and Feed Products Inspector,8,09-MH,V,BFPI
Biologist I,11,13-MP,BL,BIO1
Biologist II,15,13-MP,BL,BIO2
Biologist III,18,13-MP,BL,BIO3
Blacksmith I,4,06-CT,MW,BLK1
Blacksmith II,6,06-CT,MW,BLK2
Blacksmith Shop Foreman,9,06-CT,MW,BLKSF
Board Chairman I,28,18-ES,TMG,BOCH1
Board Chairman II,29,18-ES,TMG,BOCH2
Board Chairman III,30,18-ES,TMG,BOCH3
Board Chairman IV,31,18-ES,TMG,BOCH4
Board Governor,29,18-ES,TMG,BG
Board Member I,27,18-ES,TMG,BOME1
Board Member II,28,18-ES,TMG,BOME2
Board Member III,29,18-ES,TMG,BOME3
Board Member IV,30,18-ES,TMG,BOME4
Board Secretary I,14,01-GA,CBS,BS1
Board Secretary II,17,01-GA,CBS,BS2
Board Secretary III,20,01-GA,CBS,BS3
Board Secretary IV,22,01-GA,CBS,BS4
Board Secretary V,24,01-GA,CBS,BS5
Board Secretary VI,25,01-GA,CBS,BS6
Boatswain,4,05-TC,MTS,BW
Botanist,11,13-MP,BL,BOTA
Broadcast Operations Chief,24,08-IA,BOPP,BOC
Broadcast Operations Supervisor,19,08-IA,BOPP,BOS
Broadcast Operations Technician I,9,08-IA,BOPP,BOT1
Broadcast Operations Technician II,11,08-IA,BOPP,BOT2
Broadcast Operations Technician III,13,08-IA,BOPP,BOT3
Broadcast Operator I,6,08-IA,BOPP,BRO1
Broadcast Operator II,8,08-IA,BOPP,BRO2
Broadcast Production Supervisor,19,08-IA,BOPP,BROPS
Broadcast Program Producer-Announcer I,12,08-IA,BOPP,BPPA1
Broadcast Program Producer-Announcer II,16,08-IA,BOPP,BPPA2
Broadcast Program Producer-Announcer III,19,08-IA,BOPP,BPPA3
Broadcast Program Traffic Officer,9,08-IA,BOPP,BPTO
Broadcast Station Manager,22,08-IA,BOPP,BSMG
BUCOR Deputy Director-General,29,18-ES,OM,BCORDDG
BUCOR Director-General,30,18-ES,OM,BCORDG
Budget and Management Analyst,11,02-FS,B,BMAN
Budget and Management Specialist I,13,02-FS,B,BMS1
Budget and Management Specialist II,16,02-FS,B,BMS2
Building Inspector,11,04-AE,BR,BLDG1
Building Official,24,04-AE,BR,BLDGO
Building Pest Control Officer,7,09-MH,PC,BPCO
Building Regulations Coordinator Positions to be converted to generic clas titles,19,04-AE,BR,BLDG2
Bookkeeper,8,02-FS,AC,BKP
Budgeting Assistant,8,02-FS,B,BAS
Budget Officer II,15,02-FS,B,BUDO2
Budget Officer III,18,02-FS,B,BUDO3
Budget Officer IV,22,02-FS,B,BUDO4
Budget Officer V,24,02-FS,B,BUDO5
Budgeting Aide,4,02-FS,B,BAI
Budget Officer I,11,02-FS,B,BUDO1
Buyer I,4,01-GA,SUM,BY1
Buyer II,6,01-GA,SUM,BY2
Buyer III,9,01-GA,SUM,BY3
Buyer IV,11,01-GA,SUM,BY4
Buyer V,13,01-GA,SUM,BY5
Bookbinder I,2,06-CT,PW,BB1
Bookbinder II,4,06-CT,PW,BB2
Bookbinder III,7,06-CT,PW,BB3
Bookbinder IV,10,06-CT,PW,BB4
Cabin Crew Examiner I,11,05-TC,AV,CCE1
Cabin Crew Examiner II,13,05-TC,AV,CCE2
Cabinet Secretary,31,18-ES,CES,CABS
Cabinet Undersecretary,30,18-ES,CES,CABUS
Career Minister,28,16-FR,FS,CRMS
Cartographer I,6,04-AE,CR,CGR1
Cartographer II,8,04-AE,CR,CGR2
Cartographer III,11,04-AE,CR,CGR3
Cartographer IV,15,04-AE,CR,CGR4
Cartographer V,19,04-AE,CR,CGR5
Cemetery Caretaker,2,06-CT,GUS,CMC
"Chairman, Constitutional Commission",31,18-ES,TMG,CCCM
"Chairman, Police Regional Appellate Board",27,14-DS,PA,CPRAB
Chairperson,31,18-ES,TMG,CHPN
Chancellor I,28,10-EL,STCA,CHL1
Chancellor II,29,10-EL,STCA,CHL2
Chancellor III,30,10-EL,STCA,CHL3
Chaplain,16,07-SS,RG,CLAIN
Check Flight Radio Operator,11,05-TC,AV,CFRO
Check Pilot I,19,05-TC,AV,CPLT1
Check Pilot II,21,05-TC,AV,CPLT2
Check Pilot III,22,05-TC,AV,CPLT3
Check Pilot IV,23,05-TC,AV,CPLT4
Chef,11,17-MS,FOS,CF
Chemist I,11,13-MP,C,CMT1
Chemist II,15,13-MP,C,CMT2
Chemist III,18,13-MP,C,CMT3
Chemist IV,22,13-MP,C,CMT4
Chemist V,24,13-MP,C,CMT5
Chief Accountant,24,02-FS,AC,CACT
Chief Administrative Officer,24,01-GA,ADS,CADOF
Chief Agrarian Reform Program Officer,24,11-AA,AGR,CARPO
Chief Agriculturist,24,11-AA,AGD,CAGR
Chief Air Navigation System Specialist,24,04-AE,AT,CANSS
Chief Air Traffic Controller,24,05-TC,AV,CATC
Chief Airways Communicator,24,05-TC,AV,CAC
Chief Aquaculturist,24,11-AA,AQD,CAQT
Chief Archivist,24,10-EL,ARV,CART
Chief Auditing Systems Specialist,24,02-FS,AFE,CASS
Chief Aviation Safety Regulation Officer,24,05-TC,AV,CASRD
Chief Budget and Management Specialist,24,02-FS,B,CBMS
Chief Communications Development Officer,24,05-TC,CDOR,CCDO
Chief Cooperatives Development Specialist,24,12-TT,CD,CCDS
Chief Customs Operations Officer,24,02-FS,CO,CCOO
Chief Defense Research Officer,24,14-DS,DR,CDRO
Chief Economic Development Specialist,24,03-PS,ED,CEDS
Chief Ecosystems Management Specialist,24,11-AA,EERM,CECMS
Chief Education Program Specialist,24,10-EL,ERPS,CEPS
Chief Education Supervisor,24,10-EL,ERPS,CES
Chief Electrotyper,18,06-CT,PMO,CE
Chief Emigrant Services Officer,24,07-SS,ES,CESO
Chief Energy Regulation Officer,24,11-AA,ER,CERO
Chief Environmental Management Specialist,24,11-AA,EERM,CEVNMS
Chief Executive Staff,28,18-ES,CES,CEXS
Chief Fiber Development Officer,24,11-AA,FD,CFDO
Chief Fidelity Bond Examiner,24,02-FS,BFCP,CFBE
Chief Financial Management Specialist,24,02-FS,FO,CFMS
Chief Fishing Regulations Officer,24,11-AA,AQD,CFHRO
Chief Foreign Affairs Research Specialist,24,16-FR,FAR,CFARS
Chief Forest Management Specialist,24,11-AA,FA,CFMOS
Chief GAD Specialist,24,07-SS,GAD,CGAD
Chief Geologist,24,13-MP,G,CG
Chief Health Program Officer,24,09-MH,HPD,CHPO
Chief Historic Sites Development Officer,24,10-EL,HSD,CHSDO
Chief History Researcher,24,10-EL,HR,CHR
Chief Home Management Specialist,24,07-SS,HM,CHMS
Chief Immigration Officer,24,07-SS,IMR,CIO
Chief Industrial Design Specialist,24,08-IA,I,CIDS
Chief Insurance Specialist,24,12-TT,IR,CIS
Chief Investments Specialist,24,12-TT,IA,CINS
Chief Judicial Staff Head,29,01-GA,EJLS,CJSH
Chief Judicial Staff Officer,25,01-GA,EJLS,CJSO
Chief Justice of the Supreme Court,32,15-LJ,JJ,CJSC
Chief Labor and Employment Officer,24,07-SS,LEMD,CLEO
Chief Language Researcher,24,10-EL,LRES,CLR
Chief Legislative Staff Officer,25,01-GA,EJLS,CLSO
Chief Local Treasury Examiner,24,02-FS,AFE,CLTE
Chief Manpower Development Officer,24,07-SS,LEMD,CMDO
Chief Maritime Industry Development Specialist,24,05-TC,MTS,CMIDS
Chief Meat Control Officer,24,09-MH,V,CMCO
Chief Metallurgist,24,13-MP,ML,CM
Chief of Hospital I,24,09-MH,HA,CH1
Chief of Hospital II,25,09-MH,HA,CH2
Chief of Hospital III,26,09-MH,HA,CH3
Chief of Medical Professional Staff I,25,09-MH,M,COMPS1
Chief of Medical Professional Staff II,26,09-MH,M,COMPS2
"Chief of Mission, Class I",30,16-FR,FS,CMIC1
"Chief of Mission, Class II",29,16-FR,FS,CMIC2
Chief of Sanitarium I,24,09-MH,HA,CS1
Chief of Sanitarium II,25,09-MH,HA,CS2
Chief of Sanitarium III,26,09-MH,HA,CS3
Chief of Staff (OVP),30,18-ES,CES,CSFVP
Chief Parole Officer,25,07-SS,PPA,CPO
Chief Penal Institution Program Officer,24,07-SS,PIM,CPIPO
Chief Personnel Specialist,24,01-GA,HRM,CPS
Chief Photoengraver,18,06-CT,PMO,CPG
Chief Political Affairs Officer,26,07-SS,PAF,CPAO
Chief Postal Service Officer,24,05-TC,CDOR,CPSO
Chief Pressman,18,06-CT,PMO,CPM
Chief Probation Officer,24,07-SS,PPA,CPRO
Chief Professional Regulations Officer,24,07-SS,PR,CPREGO
Chief Public Attorney,30,15-LJ,PAT,CPATY
Chief Public Utilities Regulation Officer,24,05-TC,PUAR,CPURO
Chief Records Management Analyst,24,01-GA,RM,CRMA
Chief Remote Sensing Technologist,24,11-AA,RST,CRST
Chief Revenue Officer I,20,02-FS,RCEP,CRO1
Chief Revenue Officer II,21,02-FS,RCEP,CRO2
Chief Revenue Officer III,22,02-FS,RCEP,CRO3
Chief Revenue Officer IV,24,02-FS,RCEP,CRO4
Chief Scholarship Affairs Officer,24,01-GA,HRM,CSAO
Chief Science Research Specialist,24,13-MP,SD,CSRS
Chief Securities and Exchange Specialist,24,12-TT,SER,CSES
Chief Shipbuilding Specialist,24,05-TC,MTS,CSS
Chief Shipping Operations Specialist,24,05-TC,MTS,CSOS
Chief Shrine Curator,24,10-EL,MSC,CSC
Chief Sports and Games Regulation Officer,24,08-IA,SDGR,CSGRO
Chief State Counsel,30,15-LJ,SC,CSTC
Chief Statistical Specialist,24,03-PS,ST,CSTATS
Chief Tariff Specialist,24,02-FS,RCEP,CTS
Chief Tax Specialist,24,02-FS,RCEP,CTXS
Chief Technical Education and Skills Devpt Specialist,24,07-SS,TESD,CTESDS
Chief Telegraphic Transfer Service Officer,24,05-TC,CDOR,CTTSO
Chief Tourism Operations Officer,24,12-TT,TO,CTOO
Chief Trade-Industry Development Specialist,24,12-TT,TIDR,CTIDS
Chief Transportation Development Officer,24,05-TC,TDR,CTDO
Chief Transportation Regulation Officer,24,05-TC,TDR,CTRO
Chief Treasury Operations Officer I,22,02-FS,TREO,CTRE001
Chief Treasury Operations Officer II,24,02-FS,TREO,CTREO02
Chief Typesetter,18,06-CT,PMO,CT
Chief Veterans Assistance Officer,24,07-SS,VA,CVAO
Chief Volunteer Service Officer,24,07-SS,SWD,CVSO
Chief Water Resources Development Officer,24,04-AE,WRSD,CWRDO
Cinematographer I,10,08-IA,MMP,CMG1
Cinematographer II,14,08-IA,MMP,CMG2
Cinematographer III,16,08-IA,MMP,CMG3
Cinematographer IV,18,08-IA,MMP,CMG4
City Health Officer I,24,09-MH,M,CHO1
City Health Officer II,25,09-MH,M,CHO2
City Health Officer III,26,09-MH,M,CHO3
City Trial Court Judge,28,15-LJ,JJ,CTCJ
Civil Defense Assistant,8,14-DS,CDA,CDA
Civil Defense Officer I,11,14-DS,CDA,CDO1
Civil Defense Officer II,15,14-DS,CDA,CDO2
Civil Defense Officer III,18,14-DS,CDA,CDO3
Civil Defense Officer IV,22,14-DS,CDA,CDO4
Civil Defense Officer V,24,14-DS,CDA,CDO5
Clerk of Court I,15,15-LJ,JA,CKC1
Clerk of Court II,18,15-LJ,JA,CKC2
Clerk of Court III,22,15-LJ,JA,CKC3
Clerk of Court IV,23,15-LJ,JA,CKC4
Clerk of Court V,24,15-LJ,JA,CKC5
Clerk of Court VI,25,15-LJ,JA,CKC6
Clerk of Court VII,26,15-LJ,JA,CKC7
Clerk of the Commission,27,18-ES,OM,CKCOM
Clerk of the Electoral Tribunal,30,15-LJ,JA,CET
Clothes Designer,8,06-CT,BW,CLD
Collector of Customs I,21,02-FS,CO,COC1
Collector of Customs II,22,02-FS,CO,COC2
Collector of Customs III,23,02-FS,CO,COC3
Collector of Customs IV,24,02-FS,CO,COC4
Collector of Customs V,25,02-FS,CO,COC5
Collector of Customs VI,26,02-FS,CO,COC6
College Administrator I,25,10-EL,STCA,CAD1
College Administrator II,26,10-EL,STCA,CAD2
College Business Manager I,16,10-EL,STCA,CBM1
College Business Manager II,19,10-EL,STCA,CBM2
College Business Manager III,22,10-EL,STCA,CBM3
College Business Manager IV,24,10-EL,STCA,CBM4
College Department Head,20,10-EL,STCA,CDH
College Librarian I,13,10-EL,LIS,CL1
College Librarian II,15,10-EL,LIS,CL2
College Librarian III,18,10-EL,LIS,CL3
College Librarian IV,22,10-EL,LIS,CL4
College Librarian V,24,10-EL,LIS,CL5
College Professor,30,10-EL,SCUT,CPROF
Color Separation Technician I,3,08-IA,PH,CST1
Color Separation Technician II,8,08-IA,PH,CST2
Commission Chairman I,28,18-ES,TMG,COCH1
Commission Chairman II,29,18-ES,TMG,COCH2
Commission Chairman III,30,18-ES,TMG,COCH3
Commission Chairman IV,31,18-ES,TMG,COCH4
Commission Member I,27,18-ES,TMG,COME1
Commission Member II,28,18-ES,TMG,COME2
Commission Member III,29,18-ES,TMG,COME3
Commission Member IV,30,18-ES,TMG,COME4
Commissioner I,28,18-ES,OM,COM1
Commissioner II,29,18-ES,OM,COM2
Commissioner III,30,18-ES,OM,COM3
Commissioner of Customs,30,18-ES,OM,CCTM
Commissioner of Internal Revenue,30,18-ES,OM,CIR
"Commissioner, Constitutional Commission",30,18-ES,TMG,COMCC
Communications Development Officer I,11,05-TC,CDOR,COMDO1
Communications Development Officer II,15,05-TC,CDOR,COMDO2
Communications Equipment Inspector I,8,05-TC,CDOR,CEI1
Communications Equipment Inspector II,11,05-TC,CDOR,CEI2
Community Affairs Assistant I,5,07-SS,CAD,CAA1
Community Affairs Assistant II,8,07-SS,CAD,CAA2
Community Affairs Officer I,11,07-SS,CAD,CAO1
Community Affairs Officer II,15,07-SS,CAD,CAO2
Community Affairs Officer III,18,07-SS,CAD,CAO3
Community Affairs Officer IV,22,07-SS,CAD,CAO4
Community Affairs Officer V,24,07-SS,CAD,CAO5
Community Development Assistant I,7,07-SS,CAD,CDA1
Community Development Assistant II,9,07-SS,CAD,CDA2
Community Development Officer I,11,07-SS,CAD,CDVO1
Community Development Officer II,15,07-SS,CAD,CDVO2
Community Development Officer III,18,07-SS,CAD,CDVO3
Community Development Officer IV,22,07-SS,CAD,CDVO4
Community Development Officer V,24,07-SS,CAD,CDVO5
Community Environment and Natural Resources Officer,24,11-AA,EERM,CENRO
Computer File Librarian I,8,03-PS,IT,CFL1
Computer File Librarian II,10,03-PS,IT,CFL2
Computer File Librarian III,12,03-PS,IT,CFL3
Computer Maintenance Technologist I,11,03-PS,IT,CTMT1
Computer Maintenance Technologist II,15,03-PS,IT,CTMT2
Computer Maintenance Technologist III,17,03-PS,IT,CTMT3
Computer Programmer I,11,03-PS,IT,COMPRO1
Computer Programmer II,15,03-PS,IT,COMPRO2
Computer Programmer III,18,03-PS,IT,COMPRO3
Conciliator,25,07-SS,LCMA,CLT
Conciliator-Mediator,25,07-SS,LCMA,CLTM
Construction and Maintenance Capataz,5,06-CT,BGHC,CMCZ
Construction and Maintenance Foreman,8,06-CT,BGHC,CMF
Construction and Maintenance General Foreman,11,06-CT,BGHC,CMGF
Construction and Maintenance Man,2,06-CT,BGHC,CMM
Construction Equipment Operator,4,06-CT,BGHC,CEOP
Contested Ballot Box Custodian I,8,07-SS,EAD,CBBC1
Contested Ballot Box Custodian II,10,07-SS,EAD,CBBC2
Cook I,3,17-MS,FOS,COK1
Cook II,5,17-MS,FOS,COK2
Cooperatives Development Specialist I,11,12-TT,CD,CODES1
Cooperatives Development Specialist II,15,12-TT,CD,CODES2
Copy Reader,7,08-IA,PF,CPYR
Copyright Examiner,11,12-TT,PTCE,CPYE
Core Driller I,3,06-CT,GUS,CODL1
Core Driller II,5,06-CT,GUS,CODL2
Corporate Governance Officer I,11,20-CM,CMA,CGO1
Corporate Governance Officer II,15,20-CM,CMA,CGO2
Corporate Governance Officer III,18,20-CM,CMA,CGO3
Corporate Governance Officer IV,22,20-CM,CMA,CGO4
Corporate Governance Officer V,24,20-CM,CMA,CGO5
Council Chairman I,28,18-ES,TMG,COUCH1
Council Chairman II,29,18-ES,TMG,COUCH2
Council Chairman III,30,18-ES,TMG,COUCH3
Council Chairman IV,31,18-ES,TMG,COUCH4
Council Member I,27,18-ES,TMG,COUME1
Council Member II,28,18-ES,TMG,COUME2
Council Member III,29,18-ES,TMG,COUME3
Council Member IV,30,18-ES,TMG,COUME4
Council/Commission/Board Chairman III,30,18-ES,TMG,CCBC3
Counsellor,26,16-FR,FS,CSLR
Court Administrator of the Supreme Court,30,15-LJ,JA,CASC
Court Attorney I,22,15-LJ,JA,CTAT1
Court Attorney II,23,15-LJ,JA,CTAT2
Court Attorney III,24,15-LJ,JA,CTAT3
Court Attorney IV,25,15-LJ,JA,CTAT4
Court Attorney V,26,15-LJ,JA,CTAT5
Court Attorney VI,27,15-LJ,JA,CTAT6
Court Legal Researcher I,12,15-LJ,JA,CLR1
Court Legal Researcher II,15,15-LJ,JA,CLR2
Court Legal Researcher III,18,15-LJ,JA,CLR3
Court of Appeals Reporter I,27,15-LJ,JA,CAR1
Court of Appeals Reporter II,28,15-LJ,JA,CAR2
Court Secretary I,14,01-GA,CBS,CSTR1
Court Secretary II,17,01-GA,CBS,CSTR2
Court Stenographer I,8,01-GA,CSET,CSTG1
Court Stenographer II,10,01-GA,CSET,CSTG2
Court Stenographer III,12,01-GA,CSET,CSTG3
Court Stenographer IV,14,01-GA,CSET,CSTG4
Coxswain,3,05-TC,MTS,COX
Crafts Education Demonstrator I,10,10-EL,ERPS,CEDD1
Crafts Education Demonstrator II,12,10-EL,ERPS,CEDD2
Creative Arts Specialist I,11,08-IA,I,CASL1
Creative Arts Specialist II,15,08-IA,I,CASL2
Creative Arts Specialist III,18,08-IA,I,CASL3
Creative Arts Specialist IV,22,08-IA,I,CASL4
Creative Arts Specialist V,24,08-IA,I,CASL5
Credit Officer I,9,02-FS,CC,CROF1
Credit Officer II,11,02-FS,CC,CROF2
Credit Officer III,15,02-FS,CC,CROF3
Credit Officer IV,18,02-FS,CC,CROF4
Crime Investigator I,11,14-DS,CI,CRIG1
Crime Investigator II,15,14-DS,CI,CRIG2
Crime Investigator III,18,14-DS,CI,CRIG3
Crime Investigator IV,22,14-DS,CI,CRIG4
Crime Investigator V,24,14-DS,CI,CRIG5
Cryptanalyst,11,14-DS,FDE,CYLY
Culture and Arts Officer III,18,10-EL,CRA,SCRAO
Customs Gatekeeper,3,14-DS,CSS,CGTK
Customs Operations Officer I,11,02-FS,CO,COP01
Customs Operations Officer II,13,02-FS,CO,COPO2
Customs Operations Officer III,16,02-FS,CO,COPO3
Customs Operations Officer IV,18,02-FS,CO,COPO4
Customs Operations Officer V,20,02-FS,CO,COPO5
Cutter Service Supervisor,24,05-TC,MTS,CUSUP
Cash Clerk I,4,02-FS,CH,CH1
Cash Clerk II,6,02-FS,CH,CH2
Cash Clerk III,8,02-FS,CH,CH3
Cashier I,10,02-FS,CH,CASH1
Cashier II,14,02-FS,CH,CASH2
Cashier III,18,02-FS,CH,CASH3
Cashier IV,22,02-FS,CH,CASH4
Cashier V,24,02-FS,CH,CASH5
Chauffeur I,5,05-TC,AEO,CFER1
Chauffeur II,6,05-TC,AEO,CFER2
Chauffeur III,7,05-TC,AEO,CFER3
Chauffeur IV,8,05-TC,AEO,CFER4
Clerk I,3,01-GA,CSET,CK1
Clerk II,4,01-GA,CSET,CK2
Clerk II,6,01-GA,CSET,CK3
Clerk IV,8,01-GA,CSET,CK4
Computer Operator I,7,03-PS,IT,COMPO1
Computer Operator II,9,03-PS,IT,COMPO2
Computer Operator III,12,03-PS,IT,COMPO3
Computer Operator IV,14,03-PS,IT,COMPO4
Carpenter Foreman,8,06-CT,BGHC,CPF
Carpenter General Foreman,10,06-CT,BGHC,CPGF
Carpenter I,3,06-CT,BGHC,CP1
Carpenter II,5,06-CT,BGHC,CP2
Chief Bookbinder,18,06-CT,PW,CBKD
Communications Equipment Operator I,4,05-TC,CDOR,CEO1
Communications Equipment Operator II,6,05-TC,CDOR,CEO2
Communications Equipment Operator II,9,05-TC,CDOR,CEO3
Communications Equipment Operator IV,11,05-TC,CDOR,CEO4
Communications Equipment Operator V,13,05-TC,CDOR,CEO5
Crafts and Trades Helper,1,06-CT,GUS,CTH
Dairy Plant,15,11-AA,AGD,DPS
Dangerous Drugs Regulation Officer I,11,09-MH,HS,DDRO1
Dangerous Drugs Regulation Officer II,15,09-MH,HS,DDRO2
Dangerous Drugs Regulation Officer III,18,09-MH,HS,DDRO3
Dangerous Drugs Regulation Officer IV,22,09-MH,HS,DDRO4
Dangerous Drugs Regulation Officer V,24,09-MH,HS,DDRO5
Day Care Worker I,6,07-SS,SWD,DCW1
Day Care Worker II,8,07-SS,SWD,DCW2
Deeds Registry Inspector I,16,11-AA,LREG,DRI1
Deeds Registry Inspector II,18,11-AA,LREG,DRI2
Deeds Registry Inspector III,21,11-AA,LREG,DRI3
Deeds Registry Inspector IV,23,11-AA,LREG,DRI4
Deeds Registry Inspector V,25,11-AA,LREG,DRI5
Defense Research Officer I,11,14-DS,DR,DRO1
Defense Research Officer II,15,14-DS,DR,DRO2
Dental Aide,4,09-MH,D,DTA
Dental Hygienist,10,09-MH,D,DTH
Dental Program Supervisor,22,09-MH,D,DENPS
Dentist I,14,09-MH,D,DENT1
Dentist II,17,09-MH,D,DENT2
Dentist III,20,09-MH,D,DENT3
Dentist IV,23,09-MH,D,DENT4
Dentist V,24,09-MH,D,DENT5
Dentist VI,26,09-MH,D,DENT6
Dentist VII,28,09-MH,D,DENT7
Department Assistant Secretary,29,18-ES,TMG,DASEC
Department Legislative Liaison Officer,29,18-ES,OM,DLLO
Department Legislative Liaison Specialist,22,01-GA,EJLS,DLLS
Department Secretary,31,18-ES,TMG,DESEC
Department Undersecretary,30,18-ES,TMG,DEUSEC
Deputy Administrator I,27,18-ES,OM,DTYAD1
Deputy Administrator II,28,18-ES,OM,DTYAD2
Deputy Administrator III,29,18-ES,OM,DTYAD3
Deputy Chief Public Attorney,29,15-LJ,PAT,DCPA
Deputy Clerk of the Electoral Tribunal,29,15-LJ,JA,DCET
Deputy Commissioner I,27,18-ES,OM,DCOM1
Deputy Commissioner II,28,18-ES,OM,DCOM2
Deputy Commissioner III,29,18-ES,OM,DCOM3
Deputy Commissioner of Customs,28,18-ES,OM,DCC
Deputy Commissioner of Internal Revenue,28,18-ES,OM,DCIR
Deputy Court Administrator of the Supreme Court,30,15-LJ,JA,DCASC
Deputy Director-General,30,18-ES,TMG,DDG
Deputy Executive Director I,25,18-ES,OM,DED1
Deputy Executive Director II,26,18-ES,OM,DED2
Deputy Executive Director III,27,18-ES,OM,DED3
Deputy Executive Director IV,28,18-ES,OM,DED4
Deputy Executive Director V,29,18-ES,OM,DED5
Deputy Executive Secretary,30,18-ES,CES,DEXS
Deputy Government Corporate Counsel,29,15-LJ,GCC,DGCC
Deputy National Statistician,29,03-PS,ST,DNS
Deputy Ombudsman,30,15-LJ,GI,DOMB
Deputy Press Secretary,30,18-ES,CES,DPSEC
Deputy Privacy Commissioner,30,18-ES,OM,DPRCOM
Deputy Register of Deeds I,19,11-AA,LREG,DRD1
Deputy Register of Deeds II,21,11-AA,LREG,DRD2
Deputy Register of Deeds III,23,11-AA,LREG,DRD3
Deputy Register of Deeds IV,25,11-AA,LREG,DRD4
Deputy Secretary of the Commission on Appointments,30,18-ES,TMG,DSECCA
Deputy Secretary of the House Electoral Tribunal,29,18-ES,TMG,DSECHET
Deputy Secretary of the Senate,30,18-ES,TMG,DSECS
Deputy Secretary of the Senate Electoral Tribunal,29,18-ES,TMG,DSECSET
Deputy Secretary-General of the House of Representatives,30,18-ES,TMG,DSECGEN
Deputy Special Prosecutor,29,15-LJ,SP,DSP
Deputy Treasurer of the Philippines,29,18-ES,OM,DTPH
Development Management Officer I,11,03-PS,DM,DMO1
Development Management Officer I,15,03-PS,DM,DMO2
Development Management Officer III,18,03-PS,DM,DMO3
Development Management Officer IV,22,03-PS,DM,DMO4
Development Management Officer V,24,03-PS,DM,DMO5
Dietary Adviser,22,09-MH,DT,DAD
Director I,25,18-ES,OM,DIR1
Director II,26,18-ES,OM,DIR2
Director III,27,18-ES,OM,DIR3
Director IV,28,18-ES,OM,DIR4
Director V,29,18-ES,OM,DIR5
Director VI,30,18-ES,OM,DIR6
Director-General,31,18-ES,TMG,DG
District Engineer,25,04-AE,EN,DENG
District Health Officer I,25,09-MH,M,DHO1
District Health Officer II,26,09-MH,M,DHO2
Docking and Rigging Foreman,8,06-CT,GUS,DRF
Dockman-Driver I,3,06-CT,GUS,DKD1
Dockman-Driver II,5,06-CT,GUS,DKD2
Dockman-Rigger I,2,06-CT,GUS,DKR1
Dockman-Rigger II,4,06-CT,GUS,DKR2
Document Examiner I,10,14-DS,FDE,DOCEX1
Document Examiner II,14,14-DS,FDE,DOCEX2
Document Examiner III,18,14-DS,FDE,DOCEX3
Document Examiner IV,22,14-DS,FDE,DOCEX4
Document Examiner V,24,14-DS,FDE,DOCEX5
Dormitory Attendant,3,17-MS,LDS,DORMA
Dormitory Manager I,9,17-MS,LDS,DORMG1
Dormitory Manager II,11,17-MS,LDS,DORMG2
Dormitory Manager III,15,17-MS,LDS,DORMG3
Dormitory Manager IV,18,17-MS,LDS,DORMG4
Draftsman I,6,04-AE,DF,DFM1
Draftsman II,8,04-AE,DF,DFM2
Draftsman III,11,04-AE,DF,DFM3
Draftsman IV,14,04-AE,DF,DFM4
Dredge Master I,13,04-AE,DO,DGM
Dredge Master II,17,04-AE,DO,DGM2
Dredge Master III,20,04-AE,DO,DGM3
Dredge Master IV,23,04-AE,DO,DGM4
Dredgeman Foreman,8,04-AE,DO,DGNF
Dredgeman I,3,04-AE,DO,DGN1
Dredgeman II,5,04-AE,DO,DGN2
Driving Skills Rater,8,05-TC,TDR,DSKR
Data Controller I,6,03-PS,IT,DCTL1
Data Controller II,8,03-PS,IT,DCTL2
Data Controller III,11,03-PS,IT,DCTL3
Data Controller IV,13,03-PS,IT,DCTL4
Data Entry Machine Operator I,6,03-PS,IT,DAMO1
Data Entry Machine Operator II,8,03-PS,IT,DAMO2
Data Entry Machine Operator II,11,03-PS,IT,DAMO3
Data Entry Machine Operator IV,13,03-PS,IT,DAMO4
Disbursing Officer I,6,02-FS,CH,DO1
Disbursing Officer II,8,02-FS,CH,DO2
Driver Courier I,4,05-TC,AEO,DRC1
Driver Courier II,5,05-TC,AEO,DRC2
Driver I,3,05-TC,AEO,DRV1
Driver II,4,05-TC,AEO,DRV2
Driver Mechanic,4,05-TC,AEO,DRVMECH
Economic Development Analyst,11,03-PS,ED,EDA
Economic Development Specialist I,13,03-PS,ED,EDS1
Economic Development Specialist II,16,03-PS,ED,EDS2
Economic Researcher,9,03-PS,EC,ECOR
Economist I,11,03-PS,EC,ECO1
Economist II,15,03-PS,EC,ECO2
Economist III,18,03-PS,EC,ECO3
Economist IV,22,03-PS,EC,ECO4
Economist V,24,03-PS,EC,ECO5
Ecosystems Management Specialist I,11,11-AA,EERM,ECOMS1
Ecosystems Management Specialist II,15,11-AA,EERM,ECOMS2
Education Program Specialist I,12,10-EL,ERPS,EPS1
Education Program Specialist II,16,10-EL,ERPS,EPS2
Education Program Supervisor,22,10-EL,ERPS,EPSVR
Education Research Assistant I,9,10-EL,ERPS,EDRA1
Education Research Assistant II,10,10-EL,ERPS,EDRA2
Education Supervisor I,19,10-EL,ERPS,ESUP1
Education Supervisor II,20,10-EL,ERPS,ESUP2
Election Assistant I,7,07-SS,EAD,EA1
Election Assistant II,9,07-SS,EAD,EA2
Election Field Officer,21,07-SS,EAD,EFO
Election Officer I,12,07-SS,EAD,EO1
Election Officer II,15,07-SS,EAD,EO2
Election Officer III,18,07-SS,EAD,EO3
Election Officer IV,21,07-SS,EAD,EO4
Election Precincts Analyst I,10,07-SS,EAD,EPA1
Election Precincts Analyst II,14,07-SS,EAD,EPA2
Electrical Inspector I,6,06-CT,BGHC,EI1
Electrical Inspector I,8,06-CT,BGHC,EI2
Electron Microscopist,19,13-MP,BL,EIROM
Electrotyper I,4,06-CT,PMO,ETYP1
Electrotyper II,6,06-CT,PMO,ETYP2
Electrotyper III,9,06-CT,PMO,ETYP3
Electrotyper IV,11,06-CT,PMO,ETYP4
Emigrant Services Officer I,11,07-SS,ES,ESO1
Emigrant Services Officer II,15,07-SS,ES,ESO2
Energy Regulation Assistant,8,11-AA,ER,ERA
Energy Regulation Officer I,11,11-AA,ER,ERO1
Energy Regulation Officer II,15,11-AA,ER,ERO2
Engineer I,12,04-AE,EN,ENG1
Engineer II,16,04-AE,EN,ENG2
Engineer II,19,04-AE,EN,ENG3
Engineer IV,22,04-AE,EN,ENG4
Engineer V,24,04-AE,EN,ENG5
Engineering Aide,4,04-AE,EN,ENGA
Engineering Assistant,8,04-AE,EN,ENGAS
Entomologist I,11,13-MP,Z,ENTO1
Entomologist II,15,13-MP,Z,ENTO2
Entomologist III,18,13-MP,Z,ENTO3
Environmental Management Researcher,9,11-AA,EERM,EMR
Environmental Management Specialist I,11,11-AA,EERM,EMS1
Environmental Management Specialist II,15,11-AA,EERM,EMS2
Equine Evaluator,5,08-IA,SDGR,EQE
Executive Assistant I,14,01-GA,EAS,EXA1
Executive Assistant II,17,01-GA,EAS,EXA2
Executive Assistant III,20,01-GA,EAS,EXA3
Executive Assistant IV,22,01-GA,EAS,EXA4
Executive Assistant V,24,01-GA,EAS,EXA5
Executive Assistant VI,25,01-GA,EAS,EXA6
Executive Clerk of Court I,26,15-LJ,JA,ECC1
Executive Clerk of Court II,27,15-LJ,JA,ECC2
Executive Clerk of Court III,28,15-LJ,JA,ECC3
Executive Clerk of Court IV,29,15-LJ,JA,ECC4
Executive Clerk of Court V,30,15-LJ,JA,ECC5
Executive Conciliator-Mediator,26,07-SS,LCMA,EXCOM
Executive Director I,26,18-ES,OM,EXED1
Executive Director II,27,18-ES,OM,EXED2
Executive Director III,28,18-ES,OM,EXED3
Executive Director IV,29,18-ES,OM,EXED4
Executive Director V,30,18-ES,OM,EXED5
Executive News Editor,24,08-IA,ID,EXNE
Executive Secretary,31,18-ES,CES,EXECS
Electrician Foreman D,9,06-CT,BGHC,EF
Electrician General Foreman,11,06-CT,BGHC,EGF
Electrician I,4,06-CT,BGHC,ELEC1
Electrician II,6,06-CT,BGHC,ELEC2
Electronics and Communications Equipment Technician I,6,05-TC,CDOR,ECET1
Electronics and Communications Equipment Technician II,8,05-TC,CDOR,ECET2
Electronics and Comm Equipment Technician III,11,05-TC,CDOR,ECET3
Electronics and Comm Equipment Technician IV,15,05-TC,CDOR,ECET4
Fabric Worker I,3,06-CT,BW,FABWK1
Fabric Worker II,5,06-CT,BW,FABWK2
Farm Foreman,6,11-AA,AGD,FAFM
Farm Superintendent I,11,11-AA,AGD,FAS1
Farm Superintendent II,15,11-AA,AGD,FAS2
Farm Superintendent III,18,11-AA,AGD,FAS3
Farm Supervisor,8,11-AA,AGD,FASU
Farm Worker I,2,11-AA,AGD,FAWK1
Farm Worker II,4,11-AA,AGD,FAWK2
Fiber Development Officer I,11,11-AA,FD,FIDO1
Fiber Development Officer II,15,11-AA,FD,FIDO2
Fiber Technician,6,11-AA,FD,FIT
Fidelity Bond Examiner I,10,02-FS,BFCP,FIBEX1
Fidelity Bond Examiner II,14,02-FS,BFCP,FIBEX2
Film Custodian I,4,08-IA,FC,FCD1
Film Custodian II,6,08-IA,FC,FCD2
Film Editor I,7,08-IA,FC,FED1
Film Editor II,9,08-IA,FC,FED2
Film Preview Assistant I,7,08-IA,FC,FIPA1
Film Preview Assistant II,9,08-IA,FC,FIPA2
Financial Claims Examiner I,10,02-FS,BFCP,FINCE1
Financial Claims Examiner II,14,02-FS,BFCP,FINCE2
Financial Claims Examiner III,18,02-FS,BFCP,FINCE3
Fingerprinting Aide,4,14-DS,FDE,FPTA
Fingerprinting Examiner I,7,14-DS,FDE,FPTEX1
Fingerprinting Examiner II,9,14-DS,FDE,FPTEX2
Fingerprinting Examiner III,11,14-DS,FDE,FPTEX3
Fingerprinting Examiner IV,15,14-DS,FDE,FPTEX4
Fingerprinting Examiner V,18,14-DS,FDE,FPTEX5
Fire Marshall I,18,14-DS,F,FM1
Fire Marshall II,22,14-DS,F,FM2
Firearms and Explosives Inspector I,6,14-DS,OMRR,FEI1
Firearms and Explosives Inspector II,8,14-DS,OMRR,FEI2
Firearms and Explosives Processor I,6,14-DS,OMRR,FEP1
Firearms and Explosives Processor II,8,14-DS,OMRR,FEP2
Firearms and Explosives Processor III,10,14-DS,OMRR,FEP3
Firearms and Explosives Processor IV,14,14-DS,OMRR,FEP4
Firearms and Explosives Production Coordinator,18,14-DS,OMRR,FEPC
Firefighter I,6,14-DS,F,FF1
Firefighter II,8,14-DS,F,FF2
Firefighter III,10,14-DS,F,FF3
Firefighter IV,14,14-DS,F,FF4
First Mate,20,05-TC,MTS,FM
Fish Port Supervisor,15,12-TT,FPM,FPSUP
Fisherman,3,11-AA,AQD,FISM
Fishing Regulations Officer I,11,11-AA,AQD,FIRO1
Fishing Regulations Officer II,15,11-AA,AQD,FIRO2
Floating Crane Master,10,05-TC,AEO,FLCM
Food Service Manager,22,17-MS,FOS,FOSM
Food Service Supervisor I,9,17-MS,FOS,FOSS1
Food Service Supervisor II,11,17-MS,FOS,FOSS2
Food Service Supervisor III,15,17-MS,FOS,FOSS3
Food Service Supervisor IV,18,17-MS,FOS,FOSS4
Food Technology I,10,09-MH,DT,FTEC1
Food Technology II,14,09-MH,DT,FTEC2
Food Technology III,18,09-MH,DT,FTEC3
Food-Drug Inspector,8,09-MH,HS,FD1
Food-Drug Regulation Officer I,11,09-MH,HS,FDRO1
Food-Drug Regulation Officer II,15,09-MH,HS,FDRO2
Food-Drug Regulation Officer III,18,09-MH,HS,FDRO3
Food-Drug Regulation Officer IV,22,09-MH,HS,FDRO4
Food-Drug Regulation Officer V,24,09-MH,HS,FDRO5
Foreign Affairs Adviser,22,16-FR,FS,FOAF1
Foreign Affairs Research Specialist I,11,16-FR,FAR,FOARS1
Foreign Affairs Research Specialist II,15,16-FR,FAR,FOARS2
"Foreign Service Officer, Class I",27,16-FR,FS,FSOC1
"Foreign Service Officer, Class II",26,16-FR,FS,FSOC2
"Foreign Service Officer, Class III",25,16-FR,FS,FSOC3
"Foreign Service Officer, Class IV",24,16-FR,FS,FSOC4
Foreign Service Staff Employee I,11,16-FR,FS,FSSE1
Foreign Service Staff Employee II,9,16-FR,FS,FSSE2
Foreign Service Staff Employee III,7,16-FR,FS,FSSE3
Foreign Service Staff Officer I,24,16-FR,FS,FSSO1
Foreign Service Staff Officer II,20,16-FR,FS,FSSO2
Foreign Service Staff Officer II,17,16-FR,FS,FSSO3
Foreign Service Staff Officer IV,13,16-FR,FS,FSSO4
"Foreign Trade Service Officer, Class I",27,16-FR,FTS,FTSOC1
"Foreign Trade Service Officer, Class II",26,16-FR,FTS,FTSOC2
"Foreign Trade Service Officer, Class III",25,16-FR,FTS,FTSOC3
"Foreign Trade Service Officer, Class IV",24,16-FR,FTS,FTSOC4
Foreign Trade Service Staff Officer,15,16-FR,FTS,FTSSO
Forest Management Specialist I,11,11-AA,FA,FMS1
Forest Management Specialist II,15,11-AA,FA,FMS2
Forest Ranger,4,11-AA,FA,FORA
Forest Technician I,6,11-AA,FA,FORT1
Forest Technician II,8,11-AA,FA,FORT2
Forester I,11,11-AA,FA,FORST1
Forester II,15,11-AA,FA,FORST2
Forester III,18,11-AA,FA,FORST3
Forester IV,22,11-AA,FA,FORST4
Forester V,24,11-AA,FA,FORST5
Foundry Foreman,9,06-CT,MW,FDRYF
Foundry General Foreman,11,06-CT,MW,FGENM
Foundry Worker I,4,06-CT,MW,FDRYW1
Foundry Worker II,6,06-CT,MW,FDRYW2
Freight Service Foreman,6,05-TC,FSCH,FSFM
Freight Service Supervisor I,10,05-TC,FSCH,FSFS1
Freight Service Supervisor II,13,05-TC,FSCH,FSFS2
Fumigation Assistant Supervisor,9,09-MH,PC,FUAS
Fumigation Supervisor,11,09-MH,PC,FUMS
Fumigator,4,09-MH,PC,FUM
Fumigator Foreman,6,09-MH,PC,FUMF
Financial Analyst I,11,02-FS,AC,FINA1
Financial Analyst II,15,02-FS,AC,FINA2
Financial Analyst III,18,02-FS,AC,FINA3
Financial Analyst IV,22,02-FS,AC,FINA4
Financial Analyst V,24,02-FS,AC,FINA5
Financial and Management Officer I,22,02-FS,MS,FINMO1
Financial and Management Oofficer II,24,02-FS,MS,FINMO2
Fiscal Clerk I,4,02-FS,AFE,FCK1
Fiscal Clerk II,6,02-FS,AFE,FCK2
Fiscal Clerk III,8,02-FS,AFE,FCK3
Fiscal Controller I,11,02-FS,AFE,FCT1
Fiscal Controller II,15,02-FS,AFE,FCT2
Fiscal Controller III,18,02-FS,AFE,FCT3
Fiscal Controller IV,22,02-FS,AFE,FCT4
Fiscal Controller V,24,02-FS,AFE,FCT5
Fiscal Examiner I,11,02-FS,AFE,FEX1
Fiscal Examiner II,15,02-FS,AFE,FEX2
Fiscal Examiner II,18,02-FS,AFE,FEX3
Fiscal Examiner IV,22,02-FS,AFE,FEX4
Fiscal Examiner V,24,02-FS,AFE,FEX5
GAD Specialist I,11,07-SS,GAD,GAD1
GAD Specialist II,15,07-SS,GAD,GAD2
GAD Specialist III,18,07-SS,GAD,GAD3
General Manager,30,18-ES,OM,GM
Geologic Aide,4,13-MP,G,GEOLA
Geologist I,11,13-MP,G,GEOL1
Geologist II,15,13-MP,G,GEOL2
Geophysicist I,11,13-MP,GP,GEOP1
Geophysicist II,15,13-MP,GP,GEOP2
Geophysicist III,18,13-MP,GP,GEOP3
Geophysicist IV,22,13-MP,GP,GEOP4
Geophysicist V,24,13-MP,GP,GEOP5
Government Corporate Attorney I,25,15-LJ,GCC,GOVCA1
Government Corporate Attorney II,26,15-LJ,GCC,GOVCA2
Government Corporate Attorney III,27,15-LJ,GCC,GOVCA3
Government Corporate Attorney IV,28,15-LJ,GCC,GOVCA4
Government Corporate Counsel,30,15-LJ,GCC,GOVCOR
Graft Investigation and Prosecution Officer I,25,15-LJ,GI,GIPO1
Graft Investigation and Prosecution Officer II,26,15-LJ,GI,GIPO2
Graft Investigation and Prosecution Officer III,27,15-LJ,GI,GIPO3
Graft Investigation and Prosecution Officer IV,28,15-LJ,GI,GIPO4
Graft Investigation Officer I,26,15-LJ,GI,GIO1
Graft Investigation Officer II,27,15-LJ,GI,GIO2
Graft Investigation Officer III,28,15-LJ,GI,GIO3
Graft Prevention and Control Officer I,11,07-SS,GPC,GPCO1
Graft Prevention and Control Officer II,15,07-SS,GPC,GPCO2
Graft Prevention and Control Officer III,18,07-SS,GPC,GPCO3
Graft Prevention and Control Officer IV,22,07-SS,GPC,GPCO4
Graft Prevention and Control Officer V,24,07-SS,GPC,GPC05
Guesthouse Caretaker,2,17-MS,LDS,GUESTC
Guidance Coordinator I,14,10-EL,SCUT,GCOOR1
Guidance Coordinator II,15,10-EL,SCUT,GCOOR2
Guidance Coordinator III,16,10-EL,SCUT,GCOOR3
Guidance Counselor I,11,10-EL,SCUT,GUIDC1
Guidance Counselor II,12,10-EL,SCUT,GUIDC2
Guidance Counselor III,13,10-EL,SCUT,GUIDC3
Guidance Services Associate I,12,10-EL,GS,GSA1
Guidance Services Associate II,14,10-EL,GS,GSA2
Guidance Services Specialist I,16,10-EL,GS,GSS1
Guidance Services Specialist II,18,10-EL,GS,GSS2
Guidance Services Specialist III,20,10-EL,GS,GSS3
Guidance Services Specialist IV,22,10-EL,GS,GSS4
Guidance Services Specialist V,24,10-EL,GS,GSS5
Handicraft Worker I,3,06-CT,BW,HANDW1
Handicraft Worker II,5,06-CT,BW,HANDW2
Handicraft Worker III,8,06-CT,BW,HANDW3
Harbor Operations Assistant,10,05-TC,MTS,HROA
Head Civil Service Field Officer,26,01-GA,HRM,HCSFO
Head Executive Assistant,27,01-GA,EAS,HEA
Head Pressman,13,06-CT,PMO,HPMAN
Head Teacher I,14,10-EL,SCUT,HTEACH1
Head Teacher II,15,10-EL,SCUT,HTEACH2
Head Teacher III,16,10-EL,SCUT,HTEACH3
Head Teacher IV,17,10-EL,SCUT,HTEACH4
Head Teacher V,18,10-EL,SCUT,HTEACH5
Head Teacher VI,19,10-EL,SCUT,HTEACH6
Health Education and Promotion Adviser,22,09-MH,HEP,HEPA
Health Education and Promotion Officer I,10,09-MH,HEP,HEPO1
Health Education and Promotion Officer II,14,09-MH,HEP,HEPO2
Health Education and Promotion Officer III,18,09-MH,HEP,HEPO3
Health Education and Promotion Officer IV,22,09-MH,HEP,HEPO4
Health Education and Promotion Officer V,24,09-MH,HEP,HEPO5
Health Physicist I,15,13-MP,P,HPHY1
Health Physicist II,18,13-MP,P,HPHY2
Health Physicist III,22,13-MP,P,HPHY3
Health Physicist IV,24,13-MP,P,HPHY4
Health Physics Technician,6,13-MP,P,HPT
Health Program Officer I,11,09-MH,HPD,HPO1
Health Program Officer II,15,09-MH,HPD,HPO2
Health Program Researcher,9,09-MH,HPD,HPRA
Health Program Researcher Assistant,7,09-MH,HPD,HPR
Heavy Equipment Operator I,4,05-TC,AEO,HEO1
Heavy Equipment Operator II,6,05-TC,AEO,HEO2
Heavy Equipment Operator III,9,05-TC,AEO,HEO3
Historic Sites Development Officer I,11,10-EL,HSD,HISDO1
Historic Sites Development Officer II,15,10-EL,HSD,HISDO2
History Researcher I,10,10-EL,HR,HTRYR1
History Researcher II,14,10-EL,HR,HTRYR2
Home Management Specialist I,11,07-SS,HM,HOMS1
Home Management Specialist II,15,07-SS,HM,HOMS2
Home Management Technologist,10,07-SS,HM,HOMT
Hospital Administration Specialist,22,09-MH,HA,HAS
Hospital Housekeeper,8,17-MS,LDS,HHKPER
Household Attendant I,3,17-MS,LDS,HHA1
Household Attendant II,5,17-MS,LDS,HHA2
Household Attendant III,8,17-MS,LDS,HHA3
Household Manager,10,17-MS,LDS,HHM
Houseparent I,4,17-MS,LDS,HP1
Houseparent II,6,17-MS,LDS,HP2
Houseparent III,9,17-MS,LDS,HP3
Houseparent IV,11,17-MS,LDS,HP4
Housing and Homesite Regulation Assistant,8,07-SS,HHR,HHRA
Housing and Homesite Regulation Officer I,11,07-SS,HHR,HHRO1
Housing and Homesite Regulation Officer II,13,07-SS,HHR,HHRO2
Housing and Homesite Regulation Officer II,16,07-SS,HHR,HHRO3
Housing and Homesite Regulation Officer IV,19,07-SS,HHR,HHRO4
Housing and Homesite Regulation Officer V,22,07-SS,HHR,HHRO5
Housing and Homesite Regulation Officer VI,24,07-SS,HHR,HHRO6
HSAC Executive Commissioner,30,18-ES,OM,HSACEXCO
Human Resource Management Aide,4,01-GA,HRM,HRMA
Human Resource Management Assistanta,8,01-GA,HRM,HRMAS
Human Resource Management Officer I,11,01-GA,HRM,HRMO1
Human Resource Management Officer II,15,01-GA,HRM,HRMO2
Human Resource Management Officer II,18,01-GA,HRM,HRMO3
Human Resource Management Officer IV,22,01-GA,HRM,HRMO4
Human Resource Management Officer V,24,01-GA,HRM,HRMO5
Identification Officer I,22,14-DS,FDE,IDO1
Identification Officer II,24,14-DS,FDE,IDO2
Immigration Assistant,8,07-SS,IMR,IMGA
Immigration Officer I,11,07-SS,IMR,IMGO1
Immigration Officer II,13,07-SS,IMR,IMGO2
Immigration Officer III,16,07-SS,IMR,IMGO3
Industrial Design Analyst,11,08-IA,I,INDA
Industrial Design Specialist,15,08-IA,I,INDS
Industrial Project Training Supervisor,18,10-EL,STCA,IPTS
Information Systems Analyst I,12,03-PS,IT,INFOSA1
Information Systems Analyst II,16,03-PS,IT,INFOSA2
Information Systems Analyst III,19,03-PS,IT,INFOSA3
Information Systems Officer I,19,03-PS,IT,ITO1
Information Systems Officer II,22,03-PS,IT,ITO2
Information Systems Officer III,24,03-PS,IT,ITO3
Information Systems Researcher I,10,03-PS,IT,INFOSR1
Information Systems Researcher II,14,03-PS,IT,INFOSR2
Information Systems Researcher III,17,03-PS,IT,INFOSR3
Inmate Guidance Chief,24,07-SS,S,IGC
Inmate Guidance Officer I,11,07-SS,S,IGO1
Inmate Guidance Officer II,15,07-SS,S,IGO2
Inspector-General,29,18-ES,OM,IG
Instructor I,12,10-EL,SCUT,INST1
Instructor II,13,10-EL,SCUT,INST2
Instructor III,14,10-EL,SCUT,INST3
Instrumentman,5,04-AE,SZ,INSTMAN
Insurance Specialist I,11,12-TT,IR,INS1
Insurance Specialist II,15,12-TT,IR,INS2
Intellectual Property Rights Specialist I,14,12-TT,PTCE,IPRS1
Intellectual Property Rights Specialist II,17,12-TT,PTCE,IPRS2
Intellectual Property Rights Specialist III,20,12-TT,PTCE,IPRS3
Intellectual Property Rights Specialist IV,23,12-TT,PTCE,IPRS4
Intellectual Property Rights Specialist V,25,12-TT,PTCE,IPRS5
Intelligence Agent Aide,4,14-DS,IN,IAA
Intelligence Agent I,8,14-DS,IN,IA1
Intelligence Agent II,10,14-DS,IN,IA2
Intelligence Officer I,11,14-DS,IN,INTELO1
Intelligence Officer II,15,14-DS,IN,INTELO2
Intelligence Officer III,18,14-DS,IN,INTELO3
Intelligence Officer IV,22,14-DS,IN,INTELO4
Intelligence Officer V,24,14-DS,IN,INTELO5
Internal Auditing Assistant,8,02-FS,AFE,IAAS
Internal Auditor I,11,02-FS,AFE,IAUD1
Internal Auditor II,15,02-FS,AFE,IAUD2
Internal Auditor III,18,02-FS,AFE,IAUD3
Internal Auditor IV,22,02-FS,AFE,IAUD4
Internal Auditor V,24,02-FS,AFE,IAUD5
International Civil Aviation Coordinator,20,05-TC,AV,ICAC
International Science Relations Officer I,10,13-MP,SD,ISRO1
International Science Relations Officer II,14,13-MP,SD,ISRO2
International Science Relations Officer III,18,13-MP,SD,ISRO3
International Science Relations Officer IV,22,13-MP,SD,ISRO4
International Science Relations Officer V,24,13-MP,SD,ISRO5
Interpreter I,8,08-IA,T,INTER1
Interpreter II,10,08-IA,T,INTER2
Interpreter III,12,08-IA,T,INTER3
Investigation Agent I,18,14-DS,CI,INVA1
Investigation Agent II,20,14-DS,CI,INVA2
Investigation Agent II,22,14-DS,CI,INVA3
Investigation Agent IV,23,14-DS,CI,INVA4
Investigation Agent V,24,14-DS,CI,INVA5
Investigation Agent VI,25,14-DS,CI,INVA6
Investments Analyst,11,12-TT,IA,IMENTA
Investments Specialist,15,12-TT,IA,IMENTS
Illustrator I,3,08-IA,I,ILTOR1
Illustrator II,5,08-IA,I,ILTOR2
Information Officer I,11,08-IA,ID,INFO1
Information Officer II,15,08-IA,ID,INFO2
Information Officer II,18,08-IA,ID,INFO3
Information Officer IV,22,08-IA,ID,INFO4
Information Officer V,24,08-IA,ID,INFO5
Judicial Staff Assistant II,9,01-GA,EJLS,JSA2
Judicial Staff Assistant III,10,01-GA,EJLS,JSA3
Judicial Staff Employee II,4,01-GA,EJLS,JSE2
Judicial Staff Head,28,01-GA,EJLS,JSH
Judicial Staff Officer III,18,01-GA,EJLS,JSO3
Judicial Staff Officer IV,19,01-GA,EJLS,JSO4
Judicial Staff Officer V,20,01-GA,EJLS,JSO5
Judicial Staff Officer VI,22,01-GA,EJLS,JSO6
Junior Process Server,3,01-GA,CSET,JPS
Junior Scholarship Affairs Officer,11,01-GA,HRM,JSAO
Jurisconsult,30,15-LJ,JA,JUCON
Labor and Employment Assistant,8,07-SS,LEMD,LEA
Labor and Employment Officer I,11,07-SS,LEMD,LEO1
Labor and Employment Officer II,13,07-SS,LEMD,LEO2
Labor and Employment Officer III,16,07-SS,LEMD,LEO3
Labor Arbiter,29,07-SS,LCMA,LARB
Labor Arbitration Associate,22,07-SS,LCMA,LARBA
Laboratory Aide I,2,06-CT,LS,LABA1
Laboratory Aide II,4,06-CT,LS,LABA2
Laboratory Inspector I,8,06-CT,LS,LABI1
Laboratory Inspector II,10,06-CT,LS,LABI2
Laboratory Inspector III,14,06-CT,LS,LABI3
Laboratory Technician I,6,06-CT,LS,LABT1
Laboratory Technician II,8,06-CT,LS,LABT2
Laboratory Technician III,10,06-CT,LS,LABT3
Land Management Examiner,10,11-AA,LM,LAME
Land Management Inspector,6,11-AA,LM,LAMI
Land Management Officer I,11,11-AA,LM,LAMO1
Land Management Officer II,15,11-AA,LM,LAMO2
Land Management Officer III,18,11-AA,LM,LAMO3
Land Management Officer IV,22,11-AA,LM,LAMO4
Land Management Officer V,24,11-AA,LM,LAMO5
Land Registration Examiner I,10,11-AA,LREG,LARE1
Land Registration Examiner II,14,11-AA,LREG,LARE2
Landscaping Supervisor,12,06-CT,BGHC,LAPS
Language Researcher I,10,10-EL,LRES,LANRE1
Language Researcher II,14,10-EL,LRES,LANRE2
Launch Patron,7,05-TC,MTS,LAP
Launch Service Supervisor,12,05-TC,MTS,LSS
Laundry Worker I,1,17-MS,LW,LAW1
Laundry Worker II,3,17-MS,LW,LAW2
Laundry Worker II,6,17-MS,LW,LAW3
Law Education Specialist I,16,15-LJ,LAWE,LES1
Law Education Specialist II,18,15-LJ,LAWE,LES2
Law Education Specialist III,20,15-LJ,LAWE,LES3
Law Education Specialist IV,22,15-LJ,LAWE,LES4
Law Education Specialist V,24,15-LJ,LAWE,LES5
Law Enforcement Evaluation Officer I,11,14-DS,PA,LEEO1
Law Enforcement Evaluation Officer II,15,14-DS,PA,LEEO2
Law Enforcement Evaluation Officer III,18,14-DS,PA,LEEO3
Law Enforcement Evaluation Officer IV,22,14-DS,PA,LEEO4
Law Enforcement Evaluation Officer V,24,14-DS,PA,LEEO5
Law Reform Associate I,12,15-LJ,LR,LWRA1
Law Reform Associate II,14,15-LJ,LR,LWRA2
Law Reform Specialist I,16,15-LJ,LR,LWRS1
Law Reform Specialist II,18,15-LJ,LR,LWRS2
Law Reform Specialist III,20,15-LJ,LR,LWRS3
Law Reform Specialist IV,22,15-LJ,LR,LWRS4
Law Reform Specialist V,24,15-LJ,LR,LWRS5
Law Reform Specialist VI,26,15-LJ,LR,LWRS6
Legal Aide,5,15-LJ,LC,LEAD
Legal Assistant I,10,15-LJ,LC,LEA1
Legal Assistant II,12,15-LJ,LC,LEA2
Legal Assistant III,14,15-LJ,LC,LEA3
Legislative Committee Researcher,21,01-GA,EJLS,LCR
Legislative Committee Secretary,23,01-GA,EJLS,LCS
Legislative Staff Assistant I,7,01-GA,EJLS,LSA1
Legislative Staff Assistant II,10,01-GA,EJLS,LSA2
Legislative Staff Assistant III,11,01-GA,EJLS,LSA3
Legislative Staff Employee I,4,01-GA,EJLS,LESE1
Legislative Staff Employee II,6,01-GA,EJLS,LESE2
Legislative Staff Head,29,01-GA,EJLS,LSH
Legislative Staff Officer I,14,01-GA,EJLS,LSO1
Legislative Staff Officer II,16,01-GA,EJLS,LSO2
Legislative Staff Officer III,19,01-GA,EJLS,LSO3
Legislative Staff Officer IV,20,01-GA,EJLS,LSO4
Legislative Staff Officer V,21,01-GA,EJLS,LSO5
Legislative Staff Officer VI,22,01-GA,EJLS,LSO6
Letter Carrier,6,05-TC,CDOR,LETCAR
Librarian Aide,2,10-EL,LIS,LIBA
Librarian I,11,10-EL,LIS,LIB1
Librarian II,15,10-EL,LIS,LIB2
Librarian III,18,10-EL,LIS,LIB3
Librarian IV,22,10-EL,LIS,LIB4
Librarian V,24,10-EL,LIS,LIB5
License Inspector I,6,02-FS,LI,LINS1
License Inspector II,8,02-FS,LI,LINS2
Licensing Officer I,11,02-FS,LI,LIOF1
Licensing Officer II,15,02-FS,LI,LIOF2
Licensing Officer III,18,02-FS,LI,LIOF3
Licensing Officer IV,22,02-FS,LI,LIOF4
Licensing Officer V,24,02-FS,LI,LIOF5
Lifeguard,3,08-IA,RC,LG
Light Equipment Operator,2,05-TC,AEO,LEQO
Lighthouse Inspector,11,05-TC,LO,LIHI
Lighthouse Keeper I,3,05-TC,LO,LIKP1
Lighthouse Keeper II,5,05-TC,LO,LIKP2
Lighthouse Service Supervisor,15,05-TC,LO,LHSS
Lineman I,3,05-TC,CDOR,LMAN1
Lineman II,5,05-TC,CDOR,LMAN2
Lineman III,8,05-TC,CDOR,LMAN3
Lineman IV,11,05-TC,CDOR,LMAN4
Linguistics Specialist,23,10-EL,LRES,LIN
Livestock Inspector I,6,09-MH,V,LIVI1
Livestock Inspector II,8,09-MH,V,LIVI2
Livestock Inspector III,11,09-MH,V,LIVI3
Loan Examiner I,9,02-FS,LEXA,LEX1
Loan Examiner II,11,02-FS,LEXA,LEX2
Loan Examiner III,15,02-FS,LEXA,LEX3
Loan Examiner IV,18,02-FS,LEXA,LEX4
Local Assessment Operations Officer I,11,02-FS,AM,LAO01
Local Assessment Operations Officer II,15,02-FS,AM,LAOO2
Local Assessment Operations Officer III,18,02-FS,AM,LAOO3
Local Assessment Operations Officer IV,22,02-FS,AM,LAOO4
Local Assessment Operations Officer V,24,02-FS,AM,LAO05
Local Disaster Risk Reduction and Management Assistant,8,07-SS,DRM,LDRRMA
Local Disaster Risk Reduction and Management Officer I,11,07-SS,DRM,LDRRMO1
Local Disaster Risk Reduction and Management Officer II,15,07-SS,DRM,LDRRMO2
Local Disaster Risk Reduction and Management Officer III,18,07-SS,DRM,LDRRMO3
Local Disaster Risk Reduction and Management Officer IV,22,07-SS,DRM,LDRRMO4
Local Disaster Risk Reduction and Management Officer V,24,07-SS,DRM,LDRRMO5
Local Government Operations Officer I,11,07-SS,LGO,LGO01
Local Government Operations Officer II,13,07-SS,LGO,LGOO2
Local Government Operations Officer III,15,07-SS,LGO,LGOO3
Local Government Operations Officer IV,18,07-SS,LGO,LGO04
Local Government Operations Officer V,20,07-SS,LGO,LGO05
Local Government Operations Officer VI,22,07-SS,LGO,LGO06
Local Government Operations Officer VII,24,07-SS,LGO,LGO07
Local Government Operations Officer VIII,26,07-SS,LGO,LGOO8
Local Legislative Staff Assistant I,6,01-GA,EJLS,LLSA1
Local Legislative Staff Assistant II,8,01-GA,EJLS,LLSA2
Local Legislative Staff Assistant III,10,01-GA,EJLS,LLSA3
Local Legislative Staff Employee I,2,01-GA,EJLS,LLESE1
Local Legislative Staff Employee II,4,01-GA,EJLS,LLESE2
Local Legislative Staff Officer I,11,01-GA,EJLS,LLSO1
Local Legislative Staff Officer II,13,01-GA,EJLS,LLSO2
Local Legislative Staff Officer III,16,01-GA,EJLS,LLSO3
Local Legislative Staff Officer IV,19,01-GA,EJLS,LLSO4
Local Legislative Staff Officer V,22,01-GA,EJLS,LLSO5
Local Legislative Staff Officer VI,24,01-GA,EJLS,LLSO6
Local Revenue Collection Officer I,11,02-FS,LTO,LREVCO1
Local Revenue Collection Officer II,15,02-FS,LTO,LREVCO2
Local Revenue Collection Officer III,18,02-FS,LTO,LREVCO3
Local Revenue Collection Officer IV,22,02-FS,LTO,LREVCO4
Local Revenue Collection Officer V,24,02-FS,LTO,LREVCO5
Local Treasury Examiner I,11,02-FS,AFE,LTEX1
Local Treasury Examiner II,15,02-FS,AFE,LTEX2
Local Treasury Operations Assistant,8,02-FS,LTO,LTOA
Local Treasury Operations Officer I,11,02-FS,LTO,LTOO1
Local Treasury Operations Officer II,15,02-FS,LTO,LTOO2
Local Treasury Operations Officer III,18,02-FS,LTO,LTOO3
Local Treasury Operations Officer IV,22,02-FS,LTO,LTOO4
Local Treasury Operations Officer V,24,02-FS,LTO,LTOO5
Logistics Management Officer I,11,01-GA,SUM,LGMO1
Logistics Management Officer II,15,01-GA,SUM,LGMO2
Logistics Management Officer III,18,01-GA,SUM,LGMO3
Logistics Management Officer IV,22,01-GA,SUM,LGMO4
Logistics Management Officer V,24,01-GA,SUM,LGMO5
Lumber Grader,5,11-AA,FA,LUMBG
Labor Foreman,6,06-CT,GUS,LAFOR
Labor General Foreman,8,06-CT,GUS,LAGFOR
Laborer I,1,06-CT,GUS,LA1
Laborer I,3,06-CT,GUS,LA2
Machine Shop Foreman,11,06-CT,MW,MASF
Machinist I,4,06-CT,MW,M1
Machinist II,6,06-CT,MW,M2
Machinist III,9,06-CT,MW,M3
Magnetic Recorder Operator I,6,06-CT,PMO,MRO1
Magnetic Recorder Operator II,8,06-CT,PMO,MRO2
Magnetic Recorder Operator III,11,06-CT,PMO,MRO3
Mail Sorter,4,05-TC,CDOR,MS
Make-up Artist,2,17-MS,BC,MUPA
Malacologist I,11,13-MP,Z,MCL1
Malacologist II,15,13-MP,Z,MCL2
Malaria Control Foreman,7,09-MH,PC,MCF
Managing News Editor,22,08-IA,ID,MANEW
Manpower Development Assistant,8,07-SS,LEMD,MDA
Manpower Development Officer I,11,07-SS,LEMD,MDO1
Manpower Development Officer II,15,07-SS,LEMD,MDO2
Manpower Development Regional Coordinator,25,07-SS,LEMD,MDRC
Marine Engineman I,4,06-CT,MHOR,ME1
Marine Engineman II,6,06-CT,MHOR,ME2
Maritime Education and Training Standards Supervisor,26,05-TC,MTS,METSS
Maritime Industry Development Assistant,8,05-TC,MTS,MIDA
Maritime Industry Development Specialist I,11,05-TC,MTS,MIDS1
Maritime Industry Development Specialist II,15,05-TC,MTS,MIDS2
Market Inspector I,6,12-TT,MOR,MKTI1
Market Inspector II,8,12-TT,MOR,MKTI2
Market Specialist I,11,12-TT,MOR,MKTS1
Market Specialist II,15,12-TT,MOR,MKTS2
Market Specialist III,18,12-TT,MOR,MKTS3
Market Specialist IV,22,12-TT,MOR,MKTS4
Market Specialist V,24,12-TT,MOR,MKTS5
Market Supervisor I,10,12-TT,MOR,MSUP1
Market Supervisor II,14,12-TT,MOR,MSUP2
Market Supervisor III,18,12-TT,MOR,MSUP3
Market Supervisor IV,22,12-TT,MOR,MSUP4
Market Supervisor V,24,12-TT,MOR,MSUP5
Master Fisherman I,5,11-AA,AQD,MFISH1
Master Fisherman II,8,11-AA,AQD,MFISH2
Master Tailor I,5,06-CT,BW,MTLOR1
Master Tailor II,8,06-CT,BW,MTLOR2
Master Teacher I,18,10-EL,SCUT,MTCHR1
Master Teacher II,19,10-EL,SCUT,MTCHR2
Master Teacher III,20,10-EL,SCUT,MTCHR3
Master Teacher IV,21,10-EL,SCUT,MTCHR4
Mathematician Aide I,6,13-MP,MM,MTHA1
Mathematician Aide II,8,13-MP,MM,MTHA2
Mathematician I,10,13-MP,MM,MTH1
Mathematician II,14,13-MP,MM,MTH2
Meat Control Officer I,13,09-MH,V,MCO1
Meat Control Officer II,16,09-MH,V,MCO2
Meat Inspector I,6,09-MH,V,MITI1
Meat Inspector II,8,09-MH,V,MITI2
Meat Inspector II,11,09-MH,V,MITI3
Mechanical Plant Supervisor I,11,06-CT,MHOR,MPS1
Mechanical Plant Supervisor II,13,06-CT,MHOR,MPS2
Media Accreditation and Relation Officer I,11,08-IA,MAR,MARO1
Media Accreditation and Relation Officer II,15,08-IA,MAR,MARO2
Media Accreditation and Relation Officer III,18,08-IA,MAR,MARO3
Media Accreditation and Relation Officer IV,22,08-IA,MAR,MARO4
Media Accreditation and Relation Officer V,24,08-IA,MAR,MARO5
Media Production Aide,5,08-IA,MMP,MPXA
Media Production Assistant,8,08-IA,MMP,MPXAS
Media Production Specialist I,11,08-IA,MMP,MPXS1
Media Production Specialist II,15,08-IA,MMP,MPXS2
Media Production Specialist III,18,08-IA,MMP,MPXS3
Media Production Specialist IV,22,08-IA,MMP,MPXS4
Media Production Specialist V,24,08-IA,MMP,MPXS5
Mediator-Arbiter,25,07-SS,LCMA,MARB
Medical Center Chief I,26,09-MH,HA,MDC1
Medical Center Chief II,27,09-MH,HA,MDC2
Medical Equipment Technician I,6,06-CT,MHOR,MEQT1
Medical Equipment Technician II,8,06-CT,MHOR,MEQT2
Medical Equipment Technician III,11,06-CT,MHOR,MEQT3
Medical Equipment Technician IV,13,06-CT,MHOR,MEQT4
Medical Laboratory Technician I,6,09-MH,MT,MLAB1
Medical Laboratory Technician II,8,09-MH,MT,MLAB2
Medical Laboratory Technician II,10,09-MH,MT,MLAB3
Medical Officer I,16,09-MH,M,MDOF1
Medical Officer II,18,09-MH,M,MDOF2
Medical Officer III,21,09-MH,M,MDOF3
Medical Officer IV,23,09-MH,M,MDOF4
Medical Officer V,25,09-MH,M,MDOF5
Medical Specialist I,22,09-MH,M,MDSP1
Medical Specialist II,23,09-MH,M,MDSP2
Medical Specialist II,24,09-MH,M,MDSP3
Medical Specialist IV,25,09-MH,M,MDSP4
Medical Specialist V,26,09-MH,M,MDSP5
Medical Specialist VI,28,09-MH,M,MDSP6
Medical Specialist VII,30,09-MH,M,MDSP7
Medical Technologist I,11,09-MH,MT,MDTK1
Medical Technologist II,15,09-MH,MT,MDTK2
Medical Technologist III,18,09-MH,MT,MDTK3
Medical Technologist IV,20,09-MH,MT,MDTK4
Medical Technologist V,22,09-MH,MT,MDTK5
Medico-Legal Officer I,18,09-MH,M,MDLO1
Medico-Legal Officer II,20,09-MH,M,MDLO2
Medico-Legal Officer III,22,09-MH,M,MDLO3
Medico-Legal Officer IV,24,09-MH,M,MDLO4
Medico-Legal Officer V,25,09-MH,M,MDLO5
Member of the House of Representatives,31,19-LS,CG,MHREP
"Member, Constitutional Commission",30,18-ES,TMG,MCC
Message Writer,15,08-IA,ID,MW
Metal Worker Foreman,9,06-CT,MW,MTWF
Metal Worker General Foreman,11,06-CT,MW,MTWGF
Metal Worker I,4,06-CT,MW,MTW1
Metal Worker II,6,06-CT,MW,MTW2
Metallurgist I,11,13-MP,ML,MTLL1
Metallurgist II,15,13-MP,ML,MTLL2
Metals Technologist I,6,13-MP,ML,MTEK1
Metals Technologist II,8,13-MP,ML,MTEK2
Metals Technologist III,10,13-MP,ML,MTEK3
Metals Technologist IV,12,13-MP,ML,MTEK4
Metals Technologist V,14,13-MP,ML,MTEK5
Meter Reader I,4,05-TC,PUAR,MRDR1
Meter Reader II,6,05-TC,PUAR,MRDR2
Meter Reader III,9,05-TC,PUAR,MRDR3
Metro Aide I,2,06-CT,GUS,MAID1
Metro Aide II,4,06-CT,GUS,MAID2
Metro Trial Court Judge,28,15-LJ,JJ,METCJ
Midwife I,9,09-MH,N,MDWF1
Midwife II,11,09-MH,N,MDWF2
Midwife III,13,09-MH,N,MDWF3
Midwife IV,15,09-MH,N,MDWF4
Midwife V,17,09-MH,N,MDWF5
Midwife VI,19,09-MH,N,MDWF6
Midwifery School Principal I,21,09-MH,N,MWSP1
Midwifery School Principal II,23,09-MH,N,MWSP2
Mineral Analyst,11,13-MP,G,MINA
Mining Claims Examiner I,10,11-AA,MCE,MINC1
Mining Claims Examiner II,14,11-AA,MCE,MINC2
Mining Claims Examiner III,18,11-AA,MCE,MINC3
Mining Operations Officer,24,13-MP,ML,MOO
Motor Vehicle Inspector,6,05-TC,TDR,MVI
Movie Equipment Technician I,6,08-IA,MMP,MET1
Movie Equipment Technician II,8,08-IA,MMP,MET2
Movie Equipment Technician III,11,08-IA,MMP,MET3
Municipal Agrarian Reform Program Officer,20,11-AA,AGR,MARPO
Municipal Agricultural Officer,20,11-AA,AGD,MAGO
Municipal Circuit Trial Court Judge,28,15-LJ,JJ,MCTCJ
Municipal Trial Court Judge,28,15-LJ,JJ,MTCJ
Munitions Operator Foreman,9,14-DS,OMRR,MOF
Munitions Operator General Foreman,11,14-DS,OMRR,MOGF
Munitions Operator I,4,14-DS,OMRR,MO1
Munitions Operator II,6,14-DS,OMRR,MO2
Munitions Production Supervisor,12,14-DS,OMRR,MUNPS
Munitions Production Technician I,6,14-DS,OMRR,MUNPT1
Munitions Production Technician II,8,14-DS,OMRR,MUNPT2
Museum Curator I,22,10-EL,MSC,MUSC1
Museum Curator II,24,10-EL,MSC,MUSC2
Museum Guide,9,10-EL,MSC,MUSG
Museum Researcher I,10,10-EL,MSC,MUSR1
Museum Researcher II,14,10-EL,MSC,MUSR2
Museum Technician I,6,10-EL,MSC,MUST1
Museum Technician II,8,10-EL,MSC,MUST2
Music Director,11,08-IA,MC,MUSICD
Musician,5,08-IA,MC,MUSIC
Management and Audit Analyst I,11,02-FS,MS,MAA1
Management and Audit Analyst II,15,02-FS,MS,MAA2
Management and Audit Analyst III,18,02-FS,MS,MAA3
Management and Audit Analyst IV,22,02-FS,MS,MAA4
Management and Audit Analyst V,24,02-FS,MS,MAA5
Management and Audit Assistant,8,02-FS,MS,MASST
Messenger,2,01-GA,CSET,M
Microfilming Machine Operator I,6,03-PS,IT,MFLM1
Microfilming Machine Operator II,8,03-PS,IT,MFLM2
Microfilming Machine Operator III,11,03-PS,IT,MFLM3
Motorpool Dispatcher,6,05-TC,AEO,MPD
Motorpool Supervisor I,7,05-TC,AEO,MTPS1
Motorpool Supervisor II,9,05-TC,AEO,MTPS2
Mason Foreman,8,06-CT,BGHC,MF
Mason I,3,06-CT,BGHC,MSN1
Mason II,5,06-CT,BGHC,MSN2
Mechanic I,4,06-CT,MHOR,MECH1
Mechanic II,6,06-CT,MHOR,MECH2
Mechanic III,9,06-CT,MHOR,MECH3
Mechanical Plant Operator I,4,06-CT,MHOR,MPO1
Mechanical Plant Operator II,6,06-CT,MHOR,MPO2
Mechanical Plant Operator I,9,06-CT,MHOR,MPO3
Mechanical Shop Foreman,11,06-CT,MHOR,MSF
Mechanical Shop General Foreman,13,06-CT,MHOR,MSGF
National Cashier,24,02-FS,CH,NCASH
National Intelligence Assistant I,8,14-DS,NI,NIA1
National Intelligence Assistant II,10,14-DS,NI,NIA2
National Intelligence Specialist I,11,14-DS,NI,NIS1
National Intelligence Specialist II,15,14-DS,NI,NIS2
National Intelligence Specialist III,18,14-DS,NI,NIS3
National Intelligence Specialist IV,22,14-DS,NI,NIS4
National Intelligence Specialist V,24,14-DS,NI,NIS5
National Museum Deputy Director-General,29,18-ES,TMG,NMDDG
National Museum Director-General,30,18-ES,TMG,NMDG
National Security Specialist I,12,14-DS,NS,NSS1
National Security Specialist II,16,14-DS,NS,NSS2
National Security Specialist III,19,14-DS,NS,NSS3
National Security Specialist IV,22,14-DS,NS,NSS4
National Security Specialist V,24,14-DS,NS,NSS5
National Statistician,30,03-PS,ST,NSTAT
Nautical Writer I,6,04-AE,SZ,NAUW1
Nautical Writer II,8,04-AE,SZ,NAUW2
Network Controller I,8,08-IA,BOPP,NETC1
Network Controller II,11,08-IA,BOPP,NETC2
News Analyst I,11,08-IA,ID,NA1
News Analyst II,15,08-IA,ID,NA2
News Analyst III,18,08-IA,ID,NA3
News Analyst IV,22,08-IA,ID,NA4
News Editor I,12,08-IA,ID,NE1
News Editor II,16,08-IA,ID,NE2
News Reporter I,15,08-IA,ID,NR1
News Reporter II,17,08-IA,ID,NR2
Newscaster I,15,08-IA,ID,NC1
Newscaster II,17,08-IA,ID,NC2
Nurse I,15,09-MH,N,NURS1
Nurse II,16,09-MH,N,NURS2
Nurse III,17,09-MH,N,NURS3
Nurse IV,19,09-MH,N,NURS4
Nurse Maid I,2,17-MS,LDS,NM1
Nurse Maid II,4,17-MS,LDS,NM2
Nurse V,20,09-MH,N,NURS5
Nurse VI,22,09-MH,N,NURS6
Nurse VII,24,09-MH,N,NURS7
Nursing Attendant I,4,09-MH,N,NATT1
Nursing Attendant II,6,09-MH,N,NATT2
Nursing School Principal I,21,09-MH,N,NUSP1
Nursing School Principal II,22,09-MH,N,NUSP2
Nursing School Principal III,23,09-MH,N,NUSP3
Nutrition Officer I,10,09-MH,DT,NUTO1
Nutrition Officer II,14,09-MH,DT,NUTO2
Nutrition Officer III,18,09-MH,DT,NUTO3
Nutrition Officer IV,22,09-MH,DT,NUTO4
Nutrition Officer V,24,09-MH,DT,NUTO5
Nutrition Program Coordinator,25,09-MH,DT,NUTPC
Nutritionist-Dietitian I,11,09-MH,DT,ND1
Nutritionist-Dietitian II,15,09-MH,DT,ND2
Nutritionist-Dietitian III,18,09-MH,DT,ND3
Nutritionist-Dietitian IV,20,09-MH,DT,ND4
Nutritionist-Dietitian V,22,09-MH,DT,ND5
Nutritionist-Dietitian VI,24,09-MH,DT,ND6
Occupational Therapist I,11,09-MH,OPST,OT1
Occupational Therapist II,15,09-MH,OPST,OT2
Occupational Therapist III,18,09-MH,OPST,OT3
Occupational Therapist IV,22,09-MH,OPST,OT4
Occupational Therapy Technician I,6,09-MH,OPST,OTT1
Occupational Therapy Technician II,8,09-MH,OPST,OTT2
Oceanographer I,11,13-MP,OC,O1
Oceanographer II,15,13-MP,OC,O2
Oceanographer III,18,13-MP,OC,O3
Oceanographer IV,22,13-MP,OC,O4
Oceanographer V,24,13-MP,OC,O4
Offset Camera Operator I,6,08-IA,PH,OC01
Offset Camera Operator II,8,08-IA,PH,OCO2
Ombudsman,31,15-LJ,GI,OMB
Optometrist I,12,09-MH,O,OPTO1
Optometrist II,16,09-MH,O,OPTO2
Ordinance Technician I,6,14-DS,OMRR,ORDT1
Ordinance Technician II,8,14-DS,OMRR,ORDT2
Ordinance Technician III,11,14-DS,OMRR,ORDT3
Overall Deputy Ombudsman,30,15-LJ,GI,ODO
Overseas Employment Adjudicator,25,07-SS,LCMA,OEA
Overseas Worker Welfare Assistant,8,07-SS,LEMD,OWWA
Overseas Worker Welfare Officer I,11,07-SS,LEMD,OWW01
Overseas Worker Welfare Officer II,15,07-SS,LEMD,OWWO2
Overseas Worker Welfare Officer II,18,07-SS,LEMD,OWWO3
Overseas Worker Welfare Officer IV,22,07-SS,LEMD,OWWO4
Overseas Worker Welfare Officer V,24,07-SS,LEMD,OWWO5
Overseas Worker Welfare Officer VI,25,07-SS,LEMD,OWWO6
Paper Cutting Machine Operator I,3,06-CT,PW,PCMO1
Paper Cutting Machine Operator II,5,06-CT,PW,PCMO2
Paper Cutting Machine Operator III,8,06-CT,PW,PCMO3
Park Attendant I,2,17-MS,PTA,PA1
Park Attendant II,4,17-MS,PTA,PA2
Park Attendant III,6,17-MS,PTA,PA3
Park Maintenance Foreman,8,17-MS,PTA,PMF
Park Maintenance General Foreman,10,17-MS,PTA,PMGF
Park Maintenance Supervisor,14,17-MS,PTA,PMS
Park Operations Superintendent I,16,17-MS,PTA,POS1
Park Operations Superintendent II,18,17-MS,PTA,POS2
Park Operations Superintendent III,20,17-MS,PTA,POS3
Park Operations Superintendent IV,22,17-MS,PTA,POS4
Park Operations Superintendent V,24,17-MS,PTA,POS5
Parking Aide I,2,17-MS,PO,PAID1
Parking Aide II,4,17-MS,PO,PAID2
Parking Aide III,6,17-MS,PO,PAID3
Parking Aide IV,7,17-MS,PO,PAID4
Parole Officer I,16,07-SS,PPA,PARO1
Parole Officer II,18,07-SS,PPA,PARO2
Patternmaker I,4,06-CT,BW,PAT1
Patternmaker II,6,06-CT,BW,PAT2
Peace Program Officer I,11,07-SS,PP,PPO1
Peace Program Officer II,15,07-SS,PP,PPO2
Peace Program Officer II,18,07-SS,PP,PPO3
Peace Program Officer IV,22,07-SS,PP,PPO4
Peace Program Officer V,24,07-SS,PP,PPO5
Penal Institution Program Officer I,11,07-SS,PIM,PIPO1
Penal Institution Program Officer II,15,07-SS,PIM,PIPO2
Penal Institution Superintendent I,20,14-DS,CSS,PIS1
Penal Institution Superintendent II,22,14-DS,CSS,PIS2
Penal Institution Superintendent III,24,14-DS,CSS,PIS3
Penal Institution Superintendent IV,26,14-DS,CSS,PIS4
Penal Institution Supervisor,18,14-DS,CSS,PISU
Personnel Analyst,11,01-GA,HRM,PAN
Personnel Specialist I,13,01-GA,HRM,PS1
Personnel Specialist II,16,01-GA,HRM,PS2
Pest Control Technician,7,09-MH,PC,PCT
Pest Control Worker I,4,09-MH,PC,PCW1
Pest Control Worker II,6,09-MH,PC,PCW2
Pharmacist I,11,09-MH,PY,PH1
Pharmacist II,15,09-MH,PY,PH2
Pharmacist III,18,09-MH,PY,PH3
Pharmacist IV,20,09-MH,PY,PH4
Pharmacist V,22,09-MH,PY,PH5
Pharmacist VI,24,09-MH,PY,PH6
Pharmacy Adviser,22,09-MH,PY,PHA
Pharmacy Program Supervisor,22,09-MH,PY,PHPS
Philatelic Artist I,9,08-IA,I,PHILA1
Philatelic Artist II,11,08-IA,I,PHILA2
PHILJA Attorney I,22,10-EL,STCA,PJATTY1
PHILJA Attorney II,23,10-EL,STCA,PJATTY2
PHILJA Attorney III,24,10-EL,STCA,PJATTY3
PHILJA Attorney IV,25,10-EL,STCA,PJATTY4
PHILAAttorney V,26,10-EL,STCA,PJATTY5
PHILJA Chancellor,31,10-EL,STCA,PJCHL
PHILJA Deputy Executive Secretary,28,10-EL,STCA,PJDEXS
PHILJA Executive Secretary,29,10-EL,STCA,PJEXS
PHILJA Professor I,29,10-EL,STCA,PJPROF1
PHILJA Professor II,30,10-EL,STCA,PJPROF2
PHILJA Vice-Chancellor,30,10-EL,STCA,PJVCHL
Phlebotomist,18,07-SS,PIM,PBT
Photo Editor I,6,08-IA,PH,PHED1
Photo Editor II,8,08-IA,PH,PHED2
Photo Journalist I,6,08-IA,PH,PHOJO1
Photo Journalist II,8,08-IA,PH,PHOJO2
Photoengraver I,4,06-CT,PMO,PHOEN1
Photoengraver II,6,06-CT,PMO,PHOEN2
Photoengraver III,9,06-CT,PMO,PHOEN3
Photoengraver IV,11,06-CT,PMO,PHOEN4
Photographic Color Processor I,6,08-IA,PH,PCP1
Photographic Color Processor II,8,08-IA,PH,PCP2
Photographic Color Processor III,11,08-IA,PH,PCP3
Photo-Lithographic Technician I,6,06-CT,PMO,PLT1
Photo-Lithographic Technician II,8,06-CT,PMO,PLT2
Physical Therapist I,11,09-MH,OPST,PHT1
Physical Therapist II,15,09-MH,OPST,PHT2
Physical Therapist III,18,09-MH,OPST,PHT3
Physical Therapist IV,22,09-MH,OPST,PHT4
Physical Therapy Technician I,6,09-MH,OPST,PTT1
Physical Therapy Technician II,8,09-MH,OPST,PTT2
Physicist I,11,13-MP,P,PHY1
Physicist II,15,13-MP,P,PHY2
Pilot I,18,05-TC,AV,PIL1
Pilot II,20,05-TC,AV,PIL2
Pipefitter Foreman,8,06-CT,BGHC,PIPF
Pipefitter I,3,06-CT,BGHC,PIP1
Pipefitter II,5,06-CT,BGHC,PIP2
Planning Assistant,8,03-PS,PL,PLA
Planning Officer I,11,03-PS,PL,PLO1
Planning Officer II,15,03-PS,PL,PLO2
Planning Officer III,18,03-PS,PL,PLO3
Planning Officer IV,22,03-PS,PL,PLO4
Planning Officer V,24,03-PS,PL,PLO5
Plumbing and Tinning Inspector I,8,06-CT,BGHC,PTI1
Plumbing and Tinning Inspector II,10,06-CT,BGHC,PTI2
Police Inspector I,11,14-DS,PA,POL1
Police Inspector II,15,14-DS,PA,POL2
Police Inspector III,18,14-DS,PA,POL3
Police Inspector IV,22,14-DS,PA,POL4
Police Inspector V,24,14-DS,PA,POL5
Political Affairs Assistant I,7,07-SS,PAF,PAA1
Political Affairs Assistant II,10,07-SS,PAF,PAA2
Political Affairs Assistant III,11,07-SS,PAF,PAA3
Political Affairs Employee I,4,07-SS,PAF,PAE1
Political Affairs Employee II,6,07-SS,PAF,PAE2
Political Affairs Officer I,14,07-SS,PAF,PAO1
Political Affairs Officer II,16,07-SS,PAF,PAO2
Political Affairs Officer III,19,07-SS,PAF,PAO3
Political Affairs Officer IV,20,07-SS,PAF,PAO4
Political Affairs Officer V,21,07-SS,PAF,PAO5
Political Affairs Officer VI,24,07-SS,PAF,PAO6
Polygraph Examiner I,10,14-DS,CI,POLEX1
Polygraph Examiner II,14,14-DS,CI,POLEX2
Polygraph Examiner III,18,14-DS,CI,POLEX3
Polygraph Examiner IV,22,14-DS,CI,POLEX4
Polygraph Examiner V,24,14-DS,CI,POLEX5
Population Program Coordinator,24,07-SS,PCL,POPC
Population Program Officer I,11,07-SS,PCL,POP1
Population Program Officer II,15,07-SS,PCL,POP2
Population Program Officer III,18,07-SS,PCL,POP3
Population Program Officer IV,22,07-SS,PCL,POP4
Population Program Officer V,24,07-SS,PCL,POP5
Population Program Worker I,5,07-SS,PCL,POPW1
Population Program Worker II,7,07-SS,PCL,POPW2
Population Program Worker III,9,07-SS,PCL,POPW3
Postage Stamps Custodian I,10,05-TC,CDOR,PSC1
Postage Stamps Custodian II,14,05-TC,CDOR,PSC2
Postage Stamps Custodian III,17,05-TC,CDOR,PSC3
Postal Service Assistant,8,05-TC,CDOR,POSTA
Postal Service Officer I,11,05-TC,CDOR,POST1
Postal Service Officer II,15,05-TC,CDOR,POST2
Postal Teller I,6,05-TC,CDOR,POSTL1
Postal Teller II,8,05-TC,CDOR,POSTL2
Postal Teller III,11,05-TC,CDOR,POSTL3
Postmaster I,10,05-TC,CDOR,POSTM1
Postmaster II,12,05-TC,CDOR,POSTM2
Postmaster III,14,05-TC,CDOR,POSTM3
Postmaster IV,17,05-TC,CDOR,POSTM4
Postmaster V,19,05-TC,CDOR,POSTM5
Postmaster VI,22,05-TC,CDOR,POSTM6
Postmaster VII,24,05-TC,CDOR,POSTM7
Poundkeeper I,3,17-MS,PK,PK1
Poundkeeper II,6,17-MS,PK,PK2
Precision Instrument Technician I,6,06-CT,MHOR,PITEC1
Precision Instrument Technician II,8,06-CT,MHOR,PITEC2
Precision Instrument Technician III,11,06-CT,MHOR,PITEC3
President of the Philippines,33,18-ES,CE,PRES
President of the Senate,32,19-LS,CG,PRESEN
Presidential Adviser,31,18-ES,CES,PRADR
Presidential Adviser on Legislative Affairs,31,18-ES,CES,PRALA
Presidential Assistant I,30,18-ES,CES,PRAS1
Presidential Assistant II,31,18-ES,CES,PRAS2
Presidential Legislative Adviser,30,18-ES,CES,PRAD
Presidential Legislative Assistant,30,18-ES,CES,PRLA
Presidential Legislative Liaison Officer I,24,01-GA,EJLS,PLLO1
Presidential Legislative Liaison Officer II,28,01-GA,EJLS,PLLO2
Presidential Legislative Liaison Officer III,29,01-GA,EJLS,PLLO3
Presidential Protocol Officer,28,18-ES,CES,PROTO
Presidential Spokesman,31,18-ES,CES,PRESP
Presidential Staff Assistant,10,01-GA,EJLS,PRSA
Presidential Staff Officer I,11,01-GA,EJLS,PSO1
Presidential Staff Officer II,13,01-GA,EJLS,PSO2
Presidential Staff Officer III,16,01-GA,EJLS,PSO3
Presidential Staff Officer IV,19,01-GA,EJLS,PSO4
Presidential Staff Officer V,22,01-GA,EJLS,PSO5
Presidential Staff Officer VI,24,01-GA,EJLS,PSO6
Presiding Justice,31,15-LJ,JJ,PJ
"Presiding Justice, Court of Appeals",31,15-LJ,JJ,PJCA
"Presiding Justice, Sandiganbayan",31,15-LJ,JJ,PJS
Pres Roller Maker I,3,06-CT,PMO,PRM1
Press Roller Maker II,5,06-CT,PMO,PRM2
Press Secretary,31,18-ES,CES,PRESEC
Press-Proof Revisor,8,08-IA,PF,CPR
Printing Foreman,9,08-IA,PAD,PRINF
Printing Operations Assistant Chief,22,06-CT,PMO,POAC
Printing Operations Chief,24,06-CT,PMO,POC
Printing Order Writer I,6,08-IA,PAD,POW1
Printing Order Writer II,8,08-IA,PAD,POW2
Printing Order Writer III,11,08-IA,PAD,POW3
Printing Plant Maintenance Assistant Chief,15,06-CT,MHOR,PPMAC
Printing Plant Maintenance Chief,18,06-CT,MHOR,PPMC
Printing Press Supervisor,13,06-CT,PMO,PPS
Printing Quality Control Officer I,10,08-IA,PAD,PQCO1
Printing Quality Control Officer II,14,08-IA,PAD,PQCO2
Printing Quality Inspector I,4,08-IA,PAD,QI1
Printing Quality Inspector II,6,08-IA,PAD,PQI2
Printing Quality Inspector III,9,08-IA,PAD,PQI3
Printing Scheduler,5,08-IA,PAD,PSCHED
Prison Guard I,5,14-DS,CSS,PRISG1
Prison Guard II,7,14-DS,CSS,PRISG2
Prison Guard III,10,14-DS,CSS,PRISG3
Privacy Commissioner,31,18-ES,OM,PRCOM
Probation Officer I,11,07-SS,PPA,PROB1
Probation Officer II,15,07-SS,PPA,PROB2
Process Server,5,01-GA,CSET,PROCS
Procurement Management Officer I,11,02-FS,PROCM,PROCMO1
Procurement Management Officer II,13,02-FS,PROCM,PROCMO2
Procurement Management Officer III,16,02-FS,PROCM,PROCMO3
Procurement Management Officer IV,19,02-FS,PROCM,PROCMO4
Procurement Management Officer V,22,02-FS,PROCM,PROCMO5
Procurement Management Officer VI,24,02-FS,PROCM,PROCMO6
Production Cost Estimator I,6,03-PS,PPC,PCE1
Production Cost Estimator II,8,03-PS,PPC,PCE2
Production Cost Estimator III,11,03-PS,PPC,PCE3
Production Planning and Control Assistant,8,03-PS,PPC,PPCA
Production Planning and Control Officer I,10,03-PS,PPC,PPCO1
Production Planning and Control Officer II,14,03-PS,PPC,PPCO2
Production Planning and Control Officer III,18,03-PS,PPC,PPCO3
Production Planning and Control Officer IV,22,03-PS,PPC,PPCO4
Production Planning and Control Officer V,24,03-PS,PPC,PPCO5
Professional Regulations Assistant,8,07-SS,PR,PREGA
Professional Regulations Officer I,11,07-SS,PR,PREG01
Professional Regulations Officer II,13,07-SS,PR,PREGO2
Professional Regulations Officer III,16,07-SS,PR,PREGO3
Professor I,24,10-EL,SCUT,PROF1
Professor II,25,10-EL,SCUT,PROF2
Professor II,26,10-EL,SCUT,PROF3
Professor IV,27,10-EL,SCUT,PROF4
Professor V,28,10-EL,SCUT,PROF5
Professor VI,29,10-EL,SCUT,PROF6
Project Development Assistant,8,03-PS,PDE,PDA
Project Development Officer I,11,03-PS,PDE,PDO1
Project Development Officer II,15,03-PS,PDE,PDO2
Project Development Officer III,18,03-PS,PDE,PDO3
Project Development Officer IV,22,03-PS,PDE,PDO4
Project Development Officer V,24,03-PS,PDE,PDO5
Project Evaluation Assistant,8,03-PS,PDE,PEA
Project Evaluation Officer I,11,03-PS,PDE,PEO1
Project Evaluation Officer II,15,03-PS,PDE,PEO2
Project Evaluation Officer III,18,03-PS,PDE,PEO3
Project Evaluation Officer IV,22,03-PS,PDE,PEO4
Project Evaluation Officer V,24,03-PS,PDE,PEO5
Project Manager I,25,18-ES,PM,PM1
Project Manager II,26,18-ES,PM,PM2
Project Manager III,27,18-ES,PM,PM3
Project Manager IV,28,18-ES,PM,PM4
Proofreader I,4,08-IA,PF,PROOF1
Proofreader II,6,08-IA,PF,PROOF2
Property Appraiser I,11,02-FS,PRA,PRAP1
Property Appraiser II,15,02-FS,PRA,PRAP2
Property Appraiser III,18,02-FS,PRA,PRAP3
Property Appraiser IV,22,02-FS,PRA,PRAP4
Property Appraiser V,24,02-FS,PRA,PRAP5
Prosecution Attorney,25,15-LJ,PE,PROATTY
Prosecutor General,30,15-LJ,PE,PROGEN
Prosecutor I,26,15-LJ,PE,PROSEC1
Prosecutor II,27,15-LJ,PE,PROSEC2
Prosecutor III,28,15-LJ,PE,PROSEC3
Prosecutor IV,29,15-LJ,PE,PROSEC4
Prosecutor V,30,15-LJ,PE,PROSEC5
Provincial Agrarian Reform Adjudicator,27,11-AA,AGR,PARAD
Provincial Agrarian Reform Program Officer I,25,11-AA,AGR,PARPO1
Provincial Agrarian Reform Program Officer II,26,11-AA,AGR,PARPO2
Provincial Agricultural Officer,26,11-AA,AGD,PAO
Provincial Election Supervisor I,23,07-SS,EAD,PES1
Provincial Election Supervisor II,24,07-SS,EAD,PES2
Provincial Election Supervisor II,25,07-SS,EAD,PES3
Provincial Election Supervisor IV,26,07-SS,EAD,PES4
Provincial Environment and Natural Resources Officer,26,11-AA,EERM,PENRO
Provincial Health Officer I,25,09-MH,M,PHO1
Provincial Health Officer II,26,09-MH,M,PHO2
Provincial Trade and Industry Officer,26,12-TT,TIDR,PTIO
Provincial Warden,22,14-DS,CSS,PW
Psychologist I,11,07-SS,S,PSY1
Psychologist II,15,07-SS,S,PSY2
Psychologist III,18,07-SS,S,PSY3
Public Attorney I,25,15-LJ,PAT,PATTY1
Public Attorney II,26,15-LJ,PAT,PATTY2
Public Attorney III,27,15-LJ,PAT,PATTY3
Public Attorney IV,28,15-LJ,PAT,PATTY4
Public Attorney V,29,15-LJ,PAT,PATTY5
Public Schools District Supervisor,22,10-EL,STCA,PSDS
Public Services Assistant,8,07-SS,PS,PSERA
Public Services Foreman,6,07-SS,PS,PSERF
Public Services Inspector I,6,07-SS,PS,PSERI1
Public Services Inspector II,8,07-SS,PS,PSERI2
Public Services Officer I,11,07-SS,PS,PSERO1
Public Services Officer II,15,07-SS,PS,PSERO2
Public Services Officer III,18,07-SS,PS,PSERO3
Public Services Officer IV,22,07-SS,PS,PSERO4
Public Services Officer V,24,07-SS,PS,PSERO5
Public Utilities Regulation Officer I,11,05-TC,PUAR,PURO1
Public Utilities Regulation Officer II,15,05-TC,PUAR,PURO2
Publication Circulation Assistant,8,08-IA,ID,PCTRCA
Publication Circulation Officer I,11,08-IA,ID,PCTRCO1
Publication Circulation Officer II,15,08-IA,ID,PCTRCO2
Publication Circulation Officer III,18,08-IA,ID,PCTRCO3
Publication Production Chief,18,08-IA,PAD,PPC
Publication Production Supervisor,15,08-IA,PAD,PPROS
Property Custodiana,8,01-GA,SUM,PROPC
Private Secretary I,11,01-GA,CSET,PSEC1
Private Secretary II,5,01-GA,CSET,PSEC2
Private Secretary III,18,01-GA,CSET,PSEC3
Public Relations Assistanta,8,08-IA,PUR,PRELA
Public Relations Officer I,11,08-IA,PUR,PRO1
Public Relations Officer II,15,08-IA,PUR,PRO2
Public Relations Officer III,18,08-IA,PUR,PRO3
Public Relations Officer IV,22,08-IA,PUR,PRO4
Public Relations Officer V,24,08-IA,PUR,PRO5
Painter Foreman,8,06-CT,BGHC,PF
Painter General Foreman,10,06-CT,BGHC,PGF
Painter I,3,06-CT,BGHC,P1
Painter II,5,06-CT,BGHC,P2
Photographer I,5,08-IA,PH,PHOTO1
Photographer II,7,08-IA,PH,PHOTO2
Photographer III,10,08-IA,PH,PHOTO3
Photographer IV,12,08-IA,PH,PHOTO4
Photographer V,15,08-IA,PH,PHOTO5
Photographer VI,18,08-IA,PH,PHOTO6
Plumber Foreman,8,06-CT,BGHC,PLUMF
Plumber I,3,06-CT,BGHC,PLUM1
Plumber II,5,06-CT,BGHC,PLUM2
Printing Machine Operator I,4,06-CT,PMO,PMACO1
Printing Machine Operator II,6,06-CT,PMO,PMACO2
Printing Machine Operator II,9,06-CT,PMO,PMACO3
Printing Machine Operator IV,11,06-CT,PMO,PMACO4
Quartermaster,4,05-TC,MTS,QM
Radio Photo Equipment Operator,7,08-IA,PH,RPEO
Radiologic Technologist I,11,09-MH,MT,RT1
Radiologic Technologist II,15,09-MH,MT,RT2
Radiologic Technologist III,18,09-MH,MT,RT3
Radiologic Technologist IV,20,09-MH,MT,RT4
Radiologic Technologist V,22,09-MH,MT,RT5
Records Management Analyst I,10,01-GA,RM,RMA1
Records Management Analyst II,14,01-GA,RM,RMA2
Recreation and Welfare Services Assistant,7,08-IA,RC,RWSA
Recreation and Welfare Services Officer,15,08-IA,RC,RWSO3
Recreation and Welfare Services Officer I,9,08-IA,RC,RWSO1
Recreation and Welfare Services Officer II,11,08-IA,RC,RWSO2
Recreation and Welfare Services Officer IV,18,08-IA,RC,RWSO4
Recreation and Welfare Services Officer V,22,08-IA,RC,RWSO5
Recreation and Welfare Services Officer VI,24,08-IA,RC,RWSO6
Regional Agrarian Reform Adjudicator,28,11-AA,AGR,RARAD
Regional Equipment Engineer,25,04-AE,EN,REE
Regional Programs Coordinator,24,03-PS,PDE,RPC
Regional Trial Court Judge,29,15-LJ,JJ,RTCJ
Register of Deeds I,21,11-AA,LREG,RD1
Register of Deeds II,23,11-AA,LREG,RD2
Register of Deeds III,25,11-AA,LREG,RD3
Register of Deeds IV,27,11-AA,LREG,RD4
Registrar I,11,10-EL,STCA,R1
Registrar II,15,10-EL,STCA,R2
Registrar III,18,10-EL,STCA,R3
Registrar IV,22,10-EL,STCA,R4
Registrar V,24,10-EL,STCA,R5
Registration Officer I,10,07-SS,R,REGO1
Registration Officer II,14,07-SS,R,REGO2
Registration Officer III,18,07-SS,R,REGO3
Registration Officer IV,22,07-SS,R,REGO4
Registration Officer V,24,07-SS,R,REGO5
Religious Guidance Adviser,18,07-SS,RG,RGA
Religious Sister,8,07-SS,RG,RS
Religious Worker,8,07-SS,RG,RW
Remote Sensing Technologist I,11,11-AA,RST,RST1
Remote Sensing Technologist II,15,11-AA,RST,RST2
Respiratory Therapist I,10,09-MH,OPST,RSTH1
Respiratory Therapist II,14,09-MH,OPST,RSTH2
Respiratory Therapist III,17,09-MH,OPST,RSTH3
Revenue Collection Clerk I,5,02-FS,LTO,RCC1
Revenue Collection Clerk II,7,02-FS,LTO,RCC2
Revenue Collection Clerk III,9,02-FS,LTO,RCC3
Revenue Officer I,11,02-FS,RCEP,REVO1
Revenue Officer II,13,02-FS,RCEP,REVO2
Revenue Officer III,16,02-FS,RCEP,REVO3
Revenue Officer IV,19,02-FS,RCEP,REVO4
Rodent Zone Inspector,6,09-MH,PC,RZI
Rural Health Physician Positions to be converted to generic classs titles,24,09-MH,M,RHP
Records Officer I,10,01-GA,RM,RO1
Records Officer II,14,01-GA,RM,RO2
Records Officer II,18,01-GA,RM,RO3
Records Officer IV,22,01-GA,RM,RO4
Records Officer V,24,01-GA,RM,RO5
Reproduction Machine Operator I,2,06-CT,PW,RMO1
Reproduction Machine Operator II,4,06-CT,PW,RMO2
Reproduction Machine Operator II,7,06-CT,PW,RMO3
State Auditor I,16,02-FS,AFE,SA1
State Auditor II,19,02-FS,AFE,SA2
State Auditor III,22,02-FS,AFE,SA3
State Auditor IV,24,02-FS,AFE,SA4
Sales and Promotion Supervisor I,10,12-TT,SPR,SPS1
Sales and Promotion Supervisor II,14,12-TT,SPR,SPS2
Sales and Promotion Supervisor III,18,12-TT,SPR,SPS3
Sales and Promotion Supervisor IV,22,12-TT,SPR,SPS4
Sales and Promotion Supervisor V,24,12-TT,SPR,SPS5
Sales Representative I,6,12-TT,SPR,SR1
Sales Representative II,8,12-TT,SPR,SR2
Sales Representative III,10,12-TT,SPR,SR3
Sales Representative IV,14,12-TT,SPR,SR4
Sanitation Inspector I,6,09-MH,HS,SI1
Sanitation Inspector II,8,09-MH,HS,SI2
Sanitation Inspector III,11,09-MH,HS,SI3
Sanitation Inspector IV,13,09-MH,HS,SI4
Sanitation Inspector V,15,09-MH,HS,SI5
Sanitation Inspector VI,18,09-MH,HS,SI6
Scaler,5,11-AA,FA,SC
Scholarship Affairs Officer I,13,01-GA,HRM,SAO1
Scholarship Aff airs Officer II,16,01-GA,HRM,SAO2
School Credits Evaluator,11,10-EL,ERPS,SCE
School Farm Demonstrator,10,10-EL,ERPS,SFD
School Farming Coordinator I,13,10-EL,SCUT,SFC1
School Farming Coordinator II,14,10-EL,SCUT,SFC2
School Farming Coordinator II,15,10-EL,SCUT,SFC3
School Librarian I,11,10-EL,LIS,SL1
School Librarian II,12,10-EL,LIS,SL2
School Librarian III,13,10-EL,LIS,SL3
School Principal I,19,10-EL,STCA,SP1
School Principal II,20,10-EL,STCA,SP2
School Principal III,21,10-EL,STCA,SP3
School Principal IV,22,10-EL,STCA,SP4
Schools Division Superintendent,26,10-EL,STCA,SDS
Science Aide,4,13-MP,SD,SCA
Science Documentation Officer I,10,13-MP,SD,SDO1
Science Documentation Officer II,14,13-MP,SD,SDO2
Science Documentation Officer III,18,13-MP,SD,SDO3
Science Documentation Officer IV,22,13-MP,SD,SDO4
Science Documentation Officer V,24,13-MP,SD,SDO5
Science Education Associate I,12,10-EL,SES,SEA1
Science Education Associate II,14,10-EL,SES,SEA2
Science Education Specialist I,16,10-EL,SES,SES1
Science Education Specialist II,18,10-EL,SES,SES2
Science Education Specialist III,20,10-EL,SES,SES3
Science Education Specialist IV,22,10-EL,SES,SES4
Science Education Specialist V,24,10-EL,SES,SES5
Science Research Analyst,11,13-MP,SD,SRAN
Science Research Assistant,9,13-MP,SD,SRAS
Science Research Specialist I,13,13-MP,SD,SRAS1
Science Research Specialist II,16,13-MP,SD,SRAS2
Science Research Technician I,9,13-MP,SD,SRT1
Science Research Technician II,11,13-MP,SD,SRT2
Science Research Technician III,13,13-MP,SD,SRT3
Science Research Technician IV,16,13-MP,SD,SRT4
Scientist Ic,26,13-MP,SD,SCIEN1
Scientist II,27,13-MP,SD,SCIEN2
Scientist III,28,13-MP,SD,SCIEN3
Scientist IV,29,13-MP,SD,SCIEN4
Scientist V,30,13-MP,SD,SCIEN5
Scriptwriter I,12,08-IA,ID,SW1
Scriptwriter II,15,08-IA,ID,SW2
Sea Patrol Supervisor,17,14-DS,SPS,SPATS
Seaman,3,05-TC,MTS,SMAN
Seamstress,2,06-CT,BW,SEAM
Second Mate,17,05-TC,MTS,SECM
Secretary of the Commission of Appointments,31,18-ES,TMG,SECCA
Secretary of the House Electoral Tribunal,30,18-ES,TMG,SECHET
Secretary of the Senate,31,18-ES,TMG,SECSEN
Secretary of the Senate Electoral Tribunal,30,18-ES,TMG,SECSET
Secretary-General of the House of Representatives,31,18-ES,TMG,SECGEN
Securities and Exchange Analyst,11,12-TT,SER,SECA
Securities and Exchange Specialist I,13,12-TT,SER,SECS1
Securities and Exchange Specialist II,16,12-TT,SER,SECS2
Security Agent I,8,14-DS,CSS,SECAG1
Security Agent II,10,14-DS,CSS,SECAG2
Security Guard I,3,14-DS,CSS,SECG1
Security Guard II,5,14-DS,CSS,SECG2
Security Guard III,8,14-DS,CSS,SECG3
Security Officer I,11,14-DS,CSS,SECO1
Security Officer II,15,14-DS,CSS,SECO2
Security Officer III,18,14-DS,CSS,SECO3
Security Officer IV,22,14-DS,CSS,SECO4
Security Officer V,24,14-DS,CSS,SECO5
Senator,31,19-LS,CG,SEN
Senior Administrative Assistant I,13,01-GA,ADS,SADAS1
Senior Administrative Assistant II,14,01-GA,ADS,SADAS2
Senior Administrative Assistant III,15,01-GA,ADS,SADAS3
Senior Administrative Assistant IV,16,01-GA,ADS,SADAS4
Senior Administrative Assistant V,18,01-GA,ADS,SADAS5
Senior Agrarian Reform Program Officer,18,11-AA,AGR,SARPO
Senior Agrarian Reform Program Technologist,14,11-AA,AGR,SARPT
Senior Agriculturist,18,11-AA,AGD,SRAG
Senior Air Navigation System Specialist,19,04-AE,AT,SRANSS
Senior Air Traffic Controller,20,05-TC,AV,SRATC
Senior Airways Communicator,19,05-TC,AV,SRANC
Senior Aquaculturist,18,11-AA,AQD,SRAQ
Senior Archivist,18,10-EL,ARV,SRARCH
Senior Auditing Systems Specialist,19,02-FS,AFE,SRASS
Senior Aviation Safety Regulation Officer,18,05-TC,AV,SRASRO
Senior Budget and Management Specialist,19,02-FS,B,SRBMS
Senior Communications Development Officer,18,05-TC,CDOR,SRCDO
Senior Cooperatives Development Specialist,18,12-TT,CD,SRCDS
Senior Defense Research Officer,18,14-DS,DR,SRDRO
Senior Economic Development Specialist,19,03-PS,ED,SREDS
Senior Ecosystems Management Specialist,18,11-AA,EERM,SREMS
Senior Education Program Specialist,19,10-EL,ERPS,SREPS
Senior Emigrant Services Officer,18,07-SS,ES,SRESO
Senior Energy Regulation Officer,18,11-AA,ER,SRERO
Senior Environmental Management Specialist,18,11-AA,EERM,SRENM
Senior Fiber Development Officer,18,11-AA,FD,SRFDO
Senior Fidelity Bond Examiner,18,02-FS,BFCP,SRFBE
Senior Fishing Regulations Officer,18,11-AA,AQD,SRFRO
Senior Foreign Affairs Adviser,24,16-FR,FS,SRFAA
Senior Foreign Affairs Research Specialist,18,16-FR,FAR,SRFARS
Senior Forest Management Specialist,18,11-AA,FA,SRFMS
Senior Geologist,18,13-MP,G,SRGEO
Senior Health Program Officer,18,09-MH,HPD,SRHPO
Senior Historic Sites Development Officer,18,10-EL,HSD,SRHSDO
Senior History Researcher,18,10-EL,HR,SRHR
Senior Home Management Specialist,18,07-SS,HM,SRHMS
Senior Immigration Officer,19,07-SS,IMR,SRIO
Senior Industrial Design Specialist,18,08-IA,I,SRIDS
Senior Insurance Specialist,18,12-TT,IR,SRIS
Senior Investments Specialist,18,12-TT,IA,SRIWS
Senior Labor and Employment Officer,19,07-SS,LEMD,SRLEO
Senior Language Researcher,18,10-EL,LRES,SRLR
Senior Letter Carrier,8,05-TC,CDOR,SRLC
Senior Local Treasury Examiner,18,02-FS,AFE,SRLTE
Senior Mail Sorter,6,05-TC,CDOR,SRMS
Senior Manpower Development Officer,18,07-SS,LEMD,SRMDO
Senior Maritime Industry Development Specialist,18,05-TC,MTS,SRMIDS
Senior Meat Control Officer,19,09-MH,V,SRMCO
Senior Metallurgist,18,13-MP,ML,SRMET
Senior Museum Researcher,18,10-EL,MSC,SRMR
Senior News Editor,19,08-IA,ID,SRNE
Senior Parole Officer,21,07-SS,PPA,SRPO
Senior Penal Institution Program Officer,18,07-SS,PIM,SRPIPO
Senior Personnel Specialist,19,01-GA,HRM,SRPS
Senior Phlebotomist,20,07-SS,PIM,SRPBT
Senior Postal Service Officer,18,05-TC,CDOR,SRPSO
Senior Probation Officer,18,07-SS,PPA,SRPROB
Senior Professional Regulations Officer,19,07-SS,PR,SRPREGO
Senior Public Utilities Regulation Officer,18,05-TC,PUAR,SRPURO
Senior Records Management Analyst,18,01-GA,RM,SRRMA
Senior Remote Sensing Technologist,18,11-AA,RST,SRST
Senior Scholarship Affairs Officer,19,01-GA,HRM,SRSAO
Senior Science Research Specialist,19,13-MP,SD,SRSRS
Senior Securities and Exchange Specialist,19,12-TT,SER,SRSECS
Senior Shipbuilding Specialist,18,05-TC,MTS,SRSS
Senior Shipping Operations Specialist,18,05-TC,MTS,SRSOS
Senior Shrine Curator,18,10-EL,MSC,SRSC
Senior Sports and Games Regulation Officer,18,08-IA,SDGR,SRSGRO
Senior State Solicitor,29,15-LJ,SL,SRSSOL
Senior Statistical Specialist,19,03-PS,ST,SRSTATS
Senior Tariff Specialist,18,02-FS,RCEP,SRTS
Senior Tax Specialist,18,02-FS,RCEP,SRTXS
Senior Tech Education and Skills Development Specialist,19,07-SS,TESD,SRTESDS
Senior Telegraphic Transfer Service Officer,18,05-TC,CDOR,SRTTSO
Senior Tourism Operations Officer,18,12-TT,TO,SRTOO
Senior Trade-Industry Development Specialist,18,12-TT,TIDR,SRTIDS
Senior Transportation Development Officer,18,05-TC,TDR,SRTDO
Senior Transportation Regulation Oficer,18,05-TC,TDR,SRTRO
Senior Veterans Assistance Officer,18,07-SS,VA,SRVAO
Senior Volunteer Service Officer,18,07-SS,SWD,SRVSO
Senior Water Resources Development Officer,19,04-AE,WRSD,SRWRDO
Senior Weather Specialist,19,13-MP,WO,SRWS
Sergeant-At-Arms I,24,14-DS,CSS,SGT1
Sergeant-At-Arms II,26,14-DS,CSS,SGT2
Sergeant-At-Arms III,28,14-DS,CSS,SGT3
Sergeant-At-Arms IV,30,14-DS,CSS,SGT4
Sharia Circuit Court Judge,28,15-LJ,JJ,SCCJ
Sharia District Court Judge,29,15-LJ,JJ,SDCJ
Sheriff I,5,14-DS,CSS,SHE1
Sheriff II,7,14-DS,CSS,SHE2
Sheriff III,10,14-DS,CSS,SHE3
Sheriff IV,12,14-DS,CSS,SHE4
Ship Master,23,05-TC,MTS,SHN
Shipbuilding Specialist I,11,05-TC,MTS,SHS1
Shipbuilding Specialist II,15,05-TC,MTS,SHS2
Shipping Operations Inspector,8,05-TC,MTS,SHSI
Shipping Operations Specialist I,11,05-TC,MTS,SHOS1
Shipping Operations Specialist II,15,05-TC,MTS,SHOS2
Shoemaker,4,06-CT,BW,SMKR
Shrine Curator I,10,10-EL,MSC,SC1
Shrine Curator II,14,10-EL,MSC,SC2
Shrine Guide,6,10-EL,MSC,SHRG
Slaughterhouse Master I,10,12-TT,MOR,SHM1
Slaughterhouse Master II,14,12-TT,MOR,SHM2
Slaughterhouse Master III,18,12-TT,MOR,SHM3
Slaughterhouse Master IV,22,12-TT,MOR,SHM4
Slaughterhouse Superintendent,15,12-TT,MOR,SHS
Social Welfare Aide,4,07-SS,SWD,SOCWA
Social Welfare Assistant,8,07-SS,SWD,SOCWAS
Social Welfare Officer I,11,07-SS,SWD,SOCWO1
Social Welfare Officer II,15,07-SS,SWD,SOCWO2
Social Welfare Officer III,18,07-SS,SWD,SOCWO3
Social Welfare Officer IV,22,07-SS,SWD,SOCWO4
Social Welfare Officer V,24,07-SS,SWD,SOCWO5
Sociologist I,11,07-SS,S,SOC1
Sociologist II,15,07-SS,S,SOC2
Solicitor General,31,15-LJ,SL,SOLIGEN
Speaker of the House of Representatives,32,19-LS,CG,SPKHR
Special Agent I,8,14-DS,SI,SPAG1
Special Agent II,10,14-DS,SI,SPAG2
Special Education Teacher I,14,10-EL,SCUT,SPET1
Special Education Teacher II,15,10-EL,SCUT,SPET2
Special Education Teacher II,16,10-EL,SCUT,SPET3
Special Education Teacher IV,17,10-EL,SCUT,SPET4
Special Education Teacher V,18,10-EL,SCUT,SPET5
Special Investigator I,11,14-DS,SI,SPI1
Special Investigator II,15,14-DS,SI,SPI2
Special Investigator III,18,14-DS,SI,SPI3
Special Investigator IV,22,14-DS,SI,SPI4
Special Investigator V,24,14-DS,SI,SPI5
Special Operations Officer I,10,07-SS,SO,SPO01
Special Operations Officer II,14,07-SS,SO,SPOO2
Special Operations Officer III,18,07-SS,SO,SPOO3
Special Operations Officer IV,22,07-SS,SO,SPOO4
Special Operations Officer V,24,07-SS,SO,SPOO5
Special Police Area Supervisor,19,14-DS,SPS,SPPAS
Special Police Assistant Chief,22,14-DS,SPS,SPPAC
Special Police Captain,13,14-DS,SPS,SPPC
Special Police Chief,24,14-DS,SPS,SPPCH
Special Police Corporal,6,14-DS,SPS,SPC
Special Police Lieutenant,11,14-DS,SPS,SPL
Special Police Major,15,14-DS,SPS,SPPN
Special Police Sergeant,8,14-DS,SPS,SPPSGT
Special Policeman,4,14-DS,SPS,SPPOL
Special Presidential Representative,29,16-FR,FS,SPR
Special Prosecution Officer I,26,15-LJ,SP,SPPO1
Special Prosecution Officer II,27,15-LJ,SP,SPPO2
Special Prosecution Officer III,28,15-LJ,SP,SPPO3
Special Prosecutor,30,15-LJ,SP,SPPROS
Special School Principal I,19,10-EL,STCA,SPSP1
Special School Principal II,20,10-EL,STCA,SPSP2
Special Science Teacher I,13,10-EL,SCUT,SPST1
Special Science Teacher II,16,10-EL,SCUT,SPST2
Special Science Teacher III,19,10-EL,SCUT,SPST3
Special Science Teacher IV,22,10-EL,SCUT,SPST4
Special Science Teacher V,24,10-EL,SCUT,SPST5
Special Trade Representative,28,16-FR,FTS,SPTR
Speech Laboratory Technician,6,08-IA,AVEO,SLT
Speech Therapist I,10,09-MH,OPST,STH1
Speech Therapist II,14,09-MH,OPST,STH2
Speech Transcriber,11,08-IA,ID,STRNS
Speechwriter,16,08-IA,ID,SWR
Sports and Games Inspector I,6,08-IA,SDGR,SGI1
Sports and Games Inspector II,8,08-IA,SDGR,SGI2
Sports and Games Regulation Officer I,10,08-IA,SDGR,SGREGO1
Sports and Games Regulation Officer II,14,08-IA,SDGR,SGREGO2
Sports Development Officer I,10,08-IA,SDGR,SDEVO1
Sports Development Officer II,14,08-IA,SDGR,SDEVO2
Sports Development Officer III,18,08-IA,SDGR,SDEVO3
Sports Development Officer IV,22,08-IA,SDGR,SDEVO4
Sports Development Officer V,24,08-IA,SDGR,SDEVO5
State Auditing Examiner I,11,02-FS,AFE,SAEX1
State Auditing Examiner II,13,02-FS,AFE,SAEX2
State Auditor V,26,02-FS,AFE,SA5
State Counsel I,24,15-LJ,SC,STCL1
State Counsel II,25,15-LJ,SC,STCL2
State Counsel III,26,15-LJ,SC,STCL3
State Counsel IV,27,15-LJ,SC,STCL4
State Counsel V,28,15-LJ,SC,STCL5
State Solicitor I,27,15-LJ,SL,SSOL1
State Solicitor II,28,15-LJ,SL,SSOL2
State Technical Audit Analyst I,11,02-FS,AFE,STAA1
State Technical Audit Analyst II,13,02-FS,AFE,STAA2
State Technical Audit Specialist I,16,02-FS,AFE,STAS1
State Technical Audit Specialist II,19,02-FS,AFE,STAS2
State Technical Audit Specialist III,22,02-FS,AFE,STAS3
State Technical Audit Specialist IV,24,02-FS,AFE,STAS4
State Technical Audit Specialist V,26,02-FS,AFE,STAS5
Statistical Analyst,11,03-PS,ST,SA
Statistical Coordination Officer I,11,03-PS,STC,SCO1
Statistical Coordination Officer II,13,03-PS,STC,SCO2
Statistical Coordination Officer III,16,03-PS,STC,SCO3
Statistical Coordination Officer IV,19,03-PS,STC,SCO4
Statistical Coordination Officer V,22,03-PS,STC,SCO5
Statistical Coordination Officer VI,24,03-PS,STC,SCO6
Statistical Specialist I,13,03-PS,ST,SS1
Statistical Specialist II,16,03-PS,ST,SS2
Statistician Aide,4,03-PS,ST,STATA
Statistician I,11,03-PS,ST,STAT1
Statistician II,15,03-PS,ST,STAT2
Statistician III,18,03-PS,ST,STAT3
Statistician IV,22,03-PS,ST,STAT4
Statistician V,24,03-PS,ST,STAT5
Steward,5,17-MS,FOS,STEW
Student Records Evaluator I,11,10-EL,STCA,SRE1
Student Records Evaluator II,15,10-EL,STCA,SRE2
Student Records Evaluator III,18,10-EL,STCA,SRE3
Student Records Evaluator IV,22,10-EL,STCA,SRE4
SUC Executive Vice-President,29,10-EL,STCA,SUCVP
SUC President I,27,10-EL,STCA,SUCPRES1
SUC President II,28,10-EL,STCA,SUCPRES2
SUC President III,29,10-EL,STCA,SUCPRES3
SUC President IV,30,10-EL,STCA,SUCPRES4
SUC Vice-President I,25,10-EL,STCA,SUCVP1
SUC Vice-President II,26,10-EL,STCA,SUCVP2
SUC Vice-President III,27,10-EL,STCA,SUCVP3
SUC Vice-President IV,28,10-EL,STCA,SUCVP4
Superintendent of Printing,26,08-IA,PAD,SUPP
Supervising Administrative Officer,22,01-GA,ADS,SADOF
Supervising Agrarian Reform Program Officer,22,11-AA,AGR,SVARPO
Supervising Agriculturist,22,11-AA,AGD,SVAG
Supervising Air Navigation System Specialist,22,04-AE,AT,SVANSS
Supervising Air Traffic Controller,22,05-TC,AV,SVATC
Supervising Airways Communicator,22,05-TC,AV,SVAC
Supervising Aquaculturist,22,11-AA,AQD,SVAQ
Supervising Archivist,22,10-EL,ARV,SVARC
Supervising Auditing Systems Specialist,22,02-FS,AFE,SVASS
Supervising Aviation Safety Regulation Officer,22,05-TC,AV,SVASRO
Supervising Budget and Management Specialist,22,02-FS,B,SVBMS
Supervising Communications Development Officer,22,05-TC,CDOR,SVCDO
Supervising Cooperatives Development Specialist,22,12-TT,CD,SVCDS
Supervising Customs Operations Officer,22,02-FS,CO,SVCOO
Supervising Defense Research Officer,22,14-DS,DR,SVDRO
Supervising Economic Development Specialist,22,03-PS,ED,SVEDS
Supervising Ecosystems Management Specialist,22,11-AA,EERM,SVEMS
Supervising Education Program Specialist,22,10-EL,ERPS,SVEPS
Supervising Electrotyper,16,06-CT,PMO,SVE
Supervising Emigrant Services Officer,22,07-SS,ES,SVESO
Supervising Energy Regulation Officer,22,11-AA,ER,SVRERO
Supervising Environmental Management Specialist,22,11-AA,EERM,SVENMS
Supervising Fiber Development Officer,22,11-AA,FD,SVFDO
Supervising Fidelity Bond Examiner,22,02-FS,BFCP,SVFBE
Supervising Financial Management Specialist,22,02-FS,FO,SVFMS
Supervising Fishing Regulations Officer,22,11-AA,AQD,SVFRO
Supervising Foreign Affairs Research Specialist,22,16-FR,FAR,SVFARS
Supervising Forest Management Specialist,22,11-AA,FA,SVFMS
Supervising GAD Specialist,22,07-SS,GAD,SVGAD
Supervising Geologist,22,13-MP,G,SVGEO
Supervising Health Program Officer,22,09-MH,HPD,SVHPO
Supervising Historic Sites Development Officer,22,10-EL,HSD,SVHSDO
Supervising History Researcher,22,10-EL,HR,SVHR
Supervising Home Management Specialist,22,07-SS,HM,SVHMS
Supervising Immigration Officer,22,07-SS,IMR,SVIO
Supervising Industrial Design Specialist,22,08-IA,I,SVIDS
Supervising Insurance Specialist,22,12-TT,IR,SVIS
Supervising Investments Specialist,22,12-TT,IA,SVINS
Supervising Judicial Staff Officer,23,01-GA,EJLS,SVJSO
Supervising Labor and Employment Officer,22,07-SS,LEMD,SVLEO
Supervising Language Researcher,22,10-EL,LRES,SVLR
Supervising Legislative Staff Officer I,23,01-GA,EJLS,SLSO1
Supervising Legislative Staff Officer II,24,01-GA,EJLS,SLSO2
Supervising Legislative Staff Officer III,25,01-GA,EJLS,SLSO3
Supervising Local Treasury Examiner,22,02-FS,AFE,SVLTE
Supervising Manpower Development Oficer,22,07-SS,LEMD,SVMDO
Supervising Maritime Industry Development Specialist,22,05-TC,MTS,SVMIDS
Supervising Meat Control Officer,22,09-MH,V,SVMCO
Supervising Metallurgist,22,13-MP,ML,SVM
Supervising News Editor,22,08-IA,ID,SVNE
Supervising Parole Officer,23,07-SS,PPA,SVPO
Supervising Penal Institution Program Officer,22,07-SS,PIM,SVPIPO
Supervising Personnel Specialist,22,01-GA,HRM,SVPS
Supervising Photoengraver,16,06-CT,PMO,SVPH
Supervising Political Affairs Officer I,22,07-SS,PAF,SPAO1
Supervising Political Affairs Officer II,23,07-SS,PAF,SPAO2
Supervising Political Affairs Officer III,25,07-SS,PAF,SPAO
Supervising Postal Service Officer,22,05-TC,CDOR,SVSPO
Supervising Pressman,16,06-CT,PMO,SVPM
Supervising Probation Officer,22,07-SS,PPA,SVPROB
Supervising Professional Regulations Officer,22,07-SS,PR,SVPREGO
Supervising Public Utilities Regulation Officer,22,05-TC,PUAR,SVPURO
Supervising Records Management Analyst,22,01-GA,RM,SVRMA
Supervising Remote Sensing Technologist,22,11-AA,RST,SVRST
Supervising Scholarship Affairs Officer,22,01-GA,HRM,SVSAO
Supervising Science Research Specialist,22,13-MP,SD,SVSRS
Supervising Securities and Exchange Specialist,22,12-TT,SER,SVSECS
Supervising Shipbuilding Specialist,22,05-TC,MTS,SVSS
Supervising Shipping Operations Specialist,22,05-TC,MTS,SVSOS
Supervising Shrine Curator,22,10-EL,MSC,SVSC
Supervising Sports and Games Regulation Officer,22,08-IA,SDGR,SVSGRO
Supervising Statistical Specialist,22,03-PS,ST,SVSTATS
Supervising Tariff Specialist,22,02-FS,RCEP,SVTS
Supervising Tax Specialist,22,02-FS,RCEP,SVTXS
Supervising Tec Education and Skills Development Specialist,22,07-SS,TESD,SVTESDS
Supervising Telegraphic Transfer Service Officer,22,05-TC,CDOR,SVTTSO
Supervising Tourism Operations Officer,22,12-TT,TO,SVTOO
Supervising Trade-Industry Development Specialist,22,12-TT,TIDR,SVTIDS
Supervising Transportation Development Officer,22,05-TC,TDR,SVTDO
Supervising Transportation Regulation Officer,22,05-TC,TDR,SVTRO
Supervising Typesetter,16,06-CT,PMO,SVT
Supervising Veterans Assistance Officer,22,07-SS,VA,SVVAO
Supervising Volunteer Service Office,22,07-SS,SWD,SVVSO
Supervising Water Resources Development Officer,22,04-AE,WRSD,SVWRDO
Supervising Weather Facilities Specialist,21,13-MP,WO,SVWFS
Supervising Weather Specialist,21,13-MP,WO,SVWS
Supervisor of Student Teaching,18,10-EL,ERPS,SVST
Supplies Checker,4,02-FS,AFE,SCHR
Surveyman,6,04-AE,SZ,SURVM
Secretary I,7,01-GA,CSET,SEC1
Secretary II,9,01-GA,CSET,SEC2
Senior Bookkeeper,9,02-FS,AC,SRBK
Senior Stenographer to the Presidenta,18,01-GA,CSET,SRSP
Senior Stenographer to the Regional Governora,16,01-GA,CSET,STENRGOV
Stenographer I,4,01-GA,CSET,STENO1
Stenographer II,6,01-GA,CSET,STENO2
Stenographer III,9,01-GA,CSET,STENO3
Stenographer to the Presidenta,15,01-GA,CSET,STENPRES
Stenographic Reporter I,7,01-GA,CSET,STENR1
Stenographic Reporter II,9,01-GA,CSET,STENR2
Stenographic Reporter III,11,01-GA,CSET,STENR3
Stenographic Reporter IV,13,01-GA,CSET,STENR4
Storekeeper I,4,01-GA,SUM,STK1
Storekeeper II,6,01-GA,SUM,STK2
Storekeeper I,9,01-GA,SUM,STK3
Storekeeper IV,11,01-GA,SUM,STK4
Supply Officer I,10,01-GA,SUM,SUO1
Supply Officer II,14,01-GA,SUM,SUO2
Supply Officer II,18,01-GA,SUM,SUO3
Supply Officer IV,22,01-GA,SUM,SUO4
Supply Officer V,24,01-GA,SUM,SUO5
Stitcher I,2,06-CT,PW,STIT1
Stitcher II,4,06-CT,PW,STIT2
Stitcher III,7,06-CT,PW,STIT3
Supervising Bookbinderb,16,06-CT,PW,SVBB
Tailor,3,06-CT,BW,TLR
Tariff Specialist I,11,02-FS,RCEP,TS1
Tariff Specialist II,15,02-FS,RCEP,TS2
Tax Mapper I,11,04-AE,TM,TXM1
Tax Mapper II,15,04-AE,TM,TXM2
Tax Mapper III,18,04-AE,TM,TXM3
Tax Mapper IV,22,04-AE,TM,TXM4
Tax Mapper V,24,04-AE,TM,TXM5
Tax Mapping Aide,4,04-AE,TM,TXMA
Tax Mapping Examiner,11,04-AE,TM,TXMEX
Tax Specialist I,11,02-FS,RCEP,TXS1
Tax Specialist II,15,02-FS,RCEP,TXS2
Teacher Credentials Evaluator I,13,10-EL,ERPS,TCE1
Teacher Credentials Evaluator II,15,10-EL,ERPS,TCE2
Teacher Credentials Evaluator III,18,10-EL,ERPS,TCE3
Teacher I,11,10-EL,SCUT,TCH1
Teacher II,12,10-EL,SCUT,TCH2
Teacher III,13,10-EL,SCUT,TCH3
Teachers' Camp Superintendent,24,17-MS,LDS,TCSUP
Teaching-Aids Specialist,11,10-EL,ERPS,TAS
Technical Education and Skills Development Analyst,11,07-SS,TESD,TESDA
Technical Education and Skills Development Specialist I,13,07-SS,TESD,TESDS1
Technical Education and Skills Development Specialist II,16,07-SS,TESD,TESDS2
Technician Education Specialist I,11,10-EL,TE,TES1
Technician Education Specialist II,15,10-EL,TE,TES2
Technician Education Specialist III,18,10-EL,TE,TES3
Technician Education Specialist IV,22,10-EL,TE,TES4
Technician Education Specialist V,24,10-EL,TE,TES5
Telecommunications District Officer,24,05-TC,CDOR,TELDO
Telecommunications Traffic Supervisor,18,05-TC,CDOR,TELTS
Telegram Carrier,4,05-TC,CDOR,TELC
Telegraphic Transfer Service Assistant,8,05-TC,CDOR,TELTSA
Telegraphic Transfer Service Officer I,11,05-TC,CDOR,TELTSO1
Telegraphic Transfer Service Officer II,15,05-TC,CDOR,TELTSO2
Test Specialist I,11,01-GA,HRM,TSP1
Test Specialist II,15,01-GA,HRM,TSP2
Test Specialist III,18,01-GA,HRM,TSP3
Test Technician I,6,01-GA,HRM,TTEC1
Test Technician II,8,01-GA,HRM,TTEC2
Textbook Editor,11,10-EL,ERPS,TEXED
Third Mate,13,05-TC,MTS,THM
Ticket Checker,3,02-FS,LTO,TCHK
Toolmaker Foreman,9,06-CT,MW,TLMF
Toolmaker General Foreman,11,06-CT,MW,TLMGF
Toolmaker I,4,06-CT,MW,TLMK1
Toolmaker II,6,06-CT,MW,TLMK2
Tourism Operations Assistant,7,12-TT,TO,TOA
Tourism Operations Officer I,11,12-TT,TO,TOO1
Tourism Operations Officer II,15,12-TT,TO,TOO2
Tourist Receptionist I,8,12-TT,TO,TR1
Tourist Receptionist II,10,12-TT,TO,TR2
Tourist Receptionist III,13,12-TT,TO,TR3
Toxicologist I,11,13-MP,C,TOX1
Toxicologist II,15,13-MP,C,TOX2
Toxicologist III,18,13-MP,C,TOX3
Tracer I,3,08-IA,I,TR
Trade Commissioner,29,12-TT,TIDR,TRCOM
Trade Control Examiner I,11,12-TT,TIDR,TRCE1
Trade Control Examiner II,15,12-TT,TIDR,TRCE2
Trade Control Examiner III,18,12-TT,TIDR,TRCE3
Trade-Industry Development Analyst,11,12-TT,TIDR,TRIDA
Trade-Industry Development Specialist,15,12-TT,TIDR,TRIDS
Traffic Aide I,3,14-DS,TRO,TRFA1
Traffic Aide II,5,14-DS,TRO,TRFA2
Traffic Aide III,7,14-DS,TRO,TRFA3
Traffic Operations Officer I,11,14-DS,TRO,TRFO01
Traffic Operations Officer II,15,14-DS,TRO,TRFOO2
Traffic Operations Officer II,18,14-DS,TRO,TRFOO3
Traffic Operations Officer IV,22,14-DS,TRO,TRFOO4
Traffic Operations Officer V,24,14-DS,TRO,TRFOO5
Training Assistant,8,10-EL,SPT,TRNA
Training Center Superintendent I,22,10-EL,STCA,TRNCS1
Training Center Superintendent II,24,10-EL,STCA,TRNCS2
Training Specialist I,11,10-EL,SPT,TRNSP1
Training Specialist II,15,10-EL,SPT,TRNSP2
Training Specialist III,18,10-EL,SPT,TRNSP3
Training Specialist IV,22,10-EL,SPT,TRNSP4
Training Specialist V,24,10-EL,SPT,TRNSP5
Translator I,8,08-IA,T,TRNS1
Translator II,11,08-IA,T,TRNS2
Transportation Development Officer I,11,05-TC,TDR,TRNSDO1
Transportation Development Officer II,15,05-TC,TDR,TRNSDO2
Transportation Inspector,8,05-TC,TDR,TRINSP
Transportation Regulation Officer I,11,05-TC,TDR,TRNSRO1
Transportation Regulation Officer II,15,05-TC,TDR,TRNSRO2
Treasurer of the Philippines,30,18-ES,OM,TREAS
Treasury Claims Processor I,6,02-FS,BFCP,TRECP1
Treasury Claims Processor II,8,02-FS,BFCP,TRECP2
Treasury Operations Assistant,9,02-FS,TREO,TROA
Treasury Operations Officer I,11,02-FS,TREO,TRO01
Treasury Operations Officer II,13,02-FS,TREO,TROO2
Treasury Operations Officer III,16,02-FS,TREO,TROO3
Treasury Operations Officer IV,19,02-FS,TREO,TRO04
Tree Marker,2,11-AA,FA,TMRK
Tribal Affairs Assistant I,5,07-SS,CAD,TAA1
Tribal Affairs Assistant II,8,07-SS,CAD,TAA2
Typesetter I,4,06-CT,PMO,TYPS1
Typesetter II,6,06-CT,PMO,TYPS2
Typesetter II,9,06-CT,PMO,TYPS3
Typesetter IV,11,06-CT,PMO,TYPS4
University Extension Associate I,12,10-EL,UES,UEXA1
University Extension Associate II,14,10-EL,UES,UEXA2
University Extension Specialist I,16,10-EL,UES,UEXSP1
University Extension Specialist II,18,10-EL,UES,UEXSP2
University Extension Specialist III,20,10-EL,UES,UEXSP3
University Extension Specialist IV,22,10-EL,UES,UEXSP4
University Extension Specialist V,24,10-EL,UES,UEXSP5
University Professor,30,10-EL,SCUT,UNIPROF
University Research Associate I,12,10-EL,URS,UNIRA1
University Research Associate II,14,10-EL,URS,UNIRA2
University Researcher I,16,10-EL,URS,UNIR1
University Researcher II,18,10-EL,URS,UNIR2
University Researcher III,20,10-EL,URS,UNIR3
University Researcher IV,22,10-EL,URS,UNIR4
University Researcher V,24,10-EL,URS,UNIR5
University Secretary I,28,10-EL,STCA,UNISEC1
University Secretary II,29,10-EL,STCA,UNISEC2
UP Executive Vice-President,30,10-EL,STCA,UPXVP
UP President,31,10-EL,STCA,UPREX
UP Vice-President,29,10-EL,STCA,UPVEEP
Utility Worker I,1,06-CT,GUS,UTW1
Utility Worker II,3,06-CT,GUS,UTW2
Utility Foreman,6,06-CT,GUS,UTF
Venom Extractor,4,06-CT,LS,VENEX
Veterans Assistance Officer I,11,07-SS,VA,VETAO1
Veterans Assistance Officer II,15,07-SS,VA,VETAO2
Veterinarian I,13,09-MH,V,VET1
Veterinarian II,16,09-MH,V,VET2
Veterinarian III,19,09-MH,V,VET3
Veterinarian IV,22,09-MH,V,VET4
Veterinarian V,24,09-MH,V,VET5
Veterinarian VI,26,09-MH,V,VET6
Veterinarian VII,28,09-MH,V,VET7
Vice President of the Philippines,32,18-ES,CE,VEEP
Vice-Presidential Staff Officer I,11,01-GA,EJLS,VPSO1
Vice-Presidential Staff Officer II,13,01-GA,EJLS,VPSO2
Vice-Presidential Staff Officer III,16,01-GA,EJLS,VPSO3
Vice-Presidential Staff Officer IV,19,01-GA,EJLS,VPSO4
Vice-Presidential Staff Officer V,22,01-GA,EJLS,VPSO5
Vice-Presidential Staff Officer VI,24,01-GA,EJLS,VPSO6V
Virologist,11,13-MP,BT,VIRO
Vocational Instruction Supervisor I,16,10-EL,SCUT,VOCIS1
Vocational Instruction Supervisor II,17,10-EL,SCUT,VOCIS2
Vocational Instruction Supervisor III,18,10-EL,SCUT,VOCIS3
Vocational Placement Coordinator I,13,10-EL,ERPS,VOCPC1
Vocational Placement Coordinator II,15,10-EL,ERPS,VOCPC2
Vocational Placement Coordinator III,18,10-EL,ERPS,VOCPC3
Vocational School Administrator I,22,10-EL,STCA,VOCSA1
Vocational School Administrator II,23,10-EL,STCA,VOCSA2
Vocational School Administrator III,24,10-EL,STCA,VOCSA3
Vocational School Dean,24,10-EL,STCA,VOCSD
Vocational School Department Head,20,10-EL,ERPS,VOCSDH
Vocational School Superintendent I,25,10-EL,STCA,VOCSS1
Vocational School Superintendent II,26,10-EL,STCA,VOCSS2
Volunteer Service Officer I,10,07-SS,SWD,VOLSO1
Volunteer Service Officer II,14,07-SS,SWD,VOLSO2
Waiter I,2,17-MS,FOS,WAIT1
Waiter II,4,17-MS,FOS,WAIT2
Ward Assistant,7,09-MH,N,WARDA
Wardress I,5,14-DS,CSS,WARD1
Wardress II,7,14-DS,CSS,WARD2
Warehouse Inspector,7,01-GA,SUM,WHI
Warehouseman I,6,01-GA,SUM,WH1
Warehouseman II,8,01-GA,SUM,WH2
Warehouseman III,11,01-GA,SUM,WH3
Warehouseman IV,13,01-GA,SUM,WH4
Watchman I,2,14-DS,CSS,WCHM1
Watchman II,4,14-DS,CSS,WCHM2
Watchman III,7,14-DS,CSS,WCHM3
Water Pump Operator,4,05-TC,PUAR,WPO
Water Resources Development Officer I,12,04-AE,WRSD,WRDO1
Water Resources Development Officer II,16,04-AE,WRSD,WRDO2
Water System Development Assistant,8,04-AE,WRSD,WSDA
Water System Development Officer I,12,04-AE,WRSD,WSDO1
Water System Development Officer II,16,04-AE,WRSD,WSDO2
Water System Development Officer III,19,04-AE,WRSD,WSDO3
Waterworks Superintendent I,18,05-TC,PUAR,WWS1
Waterworks Superintendent II,22,05-TC,PUAR,WWS2
Waterworks Supervisor,14,05-TC,PUAR,WWS
Waterworks Technician,6,05-TC,PUAR,WWT
Weather Facilities Specialist I,15,13-MP,WO,WFS1
Weather Facilities Specialist II,17,13-MP,WO,WFS2
Weather Facilities Specialist III,19,13-MP,WO,WFS3
Weather Facilities Technician I,9,13-MP,WO,WFT1
Weather Facilities Technician II,11,13-MP,WO,WFT2
Weather Facilities Technician III,13,13-MP,WO,WFT3
Weather Observation Aide,4,13-MP,WO,WOA
Weather Observer I,9,13-MP,WO,WOB1
Weather Observer II,11,13-MP,WO,WOB2
Weather Observer III,13,13-MP,WO,WOB3
Weather Observer IV,15,13-MP,WO,WOB4
Weather Services Chief,24,13-MP,WO,WSCH
Weather Specialist I,15,13-MP,WO,WSP1
Weather Specialist II,17,13-MP,WO,WSP2
Welder Foreman,9,06-CT,MW,WELDF
Welder I,4,06-CT,MW,WELD1
Welder II,6,06-CT,MW,WELD2
Well Driller I,3,06-CT,GUS,WD1
Well Driller II,5,06-CT,GUS,WD2
Well Drilling Supervisor I,9,06-CT,GUS,WDS1
Well Drilling Supervisor II,10,06-CT,GUS,WDS2
Work Order Tracer,3,08-IA,PAD,WOT
Youth Development Assistant I,5,07-SS,SWD,YDA1
Youth Development Assistant II,8,07-SS,SWD,YDA2
Youth Development Officer I,10,07-SS,SWD,YD01
Youth Development Officer II,14,07-SS,SWD,YD02
Youth Development Officer III,18,07-SS,SWD,YDO3
Youth Development Officer IV,22,07-SS,SWD,YD04
Youth Development Officer V,24,07-SS,SWD,YD05
Zoning Inspector I,6,04-AE,04-AE,ZI1
Zoning Inspector II,8,04-AE,04-AE,ZI2
Zoning Officer I,11,04-AE,04-AE,Z01
Zoning Officer II,15,04-AE,SZ,ZO2
Zoning Officer III,18,04-AE,SZ,ZO3
Zoning Officer IV,22,04-AE,04-AE,ZO4
Zoologist I,11,13-MP,13-MP,ZOOL1
Zoologist II,15,13-MP,13-MP,ZOOL2
Zoologist III,18,13-MP,13-MP,ZOOL3
Zoologist IV,22,13-MP,13-MP,ZOOL4
Zoologist V,24,13-MP,13-MP,ZOOL5
Zoology Technician,6,13-MP,13-MP,ZOOT
